7/19/2025, 10:20:53 PM GMT+5:30 [Modules] Modules initializing
7/19/2025, 10:20:53 PM GMT+5:30 [Modules] Distribution: remote
7/19/2025, 10:20:53 PM GMT+5:30 [Modules] Host updates: enabled
7/19/2025, 10:20:53 PM GMT+5:30 [Modules] Module updates: enabled
7/19/2025, 10:20:53 PM GMT+5:30 [Modules] Module install path: /home/man37/.config/discord/0.0.102/modules
7/19/2025, 10:20:53 PM GMT+5:30 [Modules] Module installed file path: /home/man37/.config/discord/0.0.102/modules/installed.json
7/19/2025, 10:20:53 PM GMT+5:30 [Modules] Module download path: /home/man37/.config/discord/0.0.102/modules/pending
7/19/2025, 10:20:54 PM GMT+5:30 [Modules] Bootstrapping...
7/19/2025, 10:20:54 PM GMT+5:30 [Modules] Installing discord_desktop_core@0 from /opt/discord/resources/bootstrap/discord_desktop_core.zip
7/19/2025, 10:20:54 PM GMT+5:30 [Modules] Failed installing discord_desktop_core@0: Error: ENOENT: no such file or directory, open '/opt/discord/resources/bootstrap/discord_desktop_core.zip'
7/19/2025, 10:20:54 PM GMT+5:30 [Modules] Installing discord_erlpack@0 from /opt/discord/resources/bootstrap/discord_erlpack.zip
7/19/2025, 10:20:54 PM GMT+5:30 [Modules] Failed installing discord_erlpack@0: Error: ENOENT: no such file or directory, open '/opt/discord/resources/bootstrap/discord_erlpack.zip'
7/19/2025, 10:20:54 PM GMT+5:30 [Modules] Installing discord_spellcheck@0 from /opt/discord/resources/bootstrap/discord_spellcheck.zip
7/19/2025, 10:20:54 PM GMT+5:30 [Modules] Failed installing discord_spellcheck@0: Error: ENOENT: no such file or directory, open '/opt/discord/resources/bootstrap/discord_spellcheck.zip'
7/19/2025, 10:20:54 PM GMT+5:30 [Modules] Installing discord_utils@0 from /opt/discord/resources/bootstrap/discord_utils.zip
7/19/2025, 10:20:54 PM GMT+5:30 [Modules] Failed installing discord_utils@0: Error: ENOENT: no such file or directory, open '/opt/discord/resources/bootstrap/discord_utils.zip'
7/19/2025, 10:20:54 PM GMT+5:30 [Modules] Installing discord_voice@0 from /opt/discord/resources/bootstrap/discord_voice.zip
7/19/2025, 10:20:54 PM GMT+5:30 [Modules] Failed installing discord_voice@0: Error: ENOENT: no such file or directory, open '/opt/discord/resources/bootstrap/discord_voice.zip'
7/19/2025, 10:20:54 PM GMT+5:30 [Modules] Installing discord_zstd@0 from /opt/discord/resources/bootstrap/discord_zstd.zip
7/19/2025, 10:20:54 PM GMT+5:30 [Modules] Failed installing discord_zstd@0: Error: ENOENT: no such file or directory, open '/opt/discord/resources/bootstrap/discord_zstd.zip'
7/19/2025, 10:20:54 PM GMT+5:30 [Modules] Finished module installations. [success: 0] [failure: 6]
7/19/2025, 10:20:54 PM GMT+5:30 [Modules] Checking for host updates.
7/19/2025, 10:20:54 PM GMT+5:30 [Modules] Host is up to date.
7/19/2025, 10:20:54 PM GMT+5:30 [Modules] Checking for module updates at https://discord.com/api/modules/stable/versions.json
7/19/2025, 10:20:54 PM GMT+5:30 [Modules] Module update available: discord_desktop_core@1 [installed: 0]
7/19/2025, 10:20:54 PM GMT+5:30 [Modules] Module update available: discord_erlpack@1 [installed: 0]
7/19/2025, 10:20:54 PM GMT+5:30 [Modules] Module update available: discord_spellcheck@1 [installed: 0]
7/19/2025, 10:20:54 PM GMT+5:30 [Modules] Module update available: discord_utils@1 [installed: 0]
7/19/2025, 10:20:54 PM GMT+5:30 [Modules] Module update available: discord_voice@1 [installed: 0]
7/19/2025, 10:20:54 PM GMT+5:30 [Modules] Module update available: discord_zstd@1 [installed: 0]
7/19/2025, 10:20:54 PM GMT+5:30 [Modules] Fetching discord_desktop_core@1 from https://discord.com/api/modules/stable/discord_desktop_core/1
7/19/2025, 10:20:54 PM GMT+5:30 [Modules] Streaming discord_desktop_core@1 to /home/man37/.config/discord/0.0.102/modules/pending/discord_desktop_core-1.zip
7/19/2025, 10:20:55 PM GMT+5:30 [Modules] Streaming discord_desktop_core@1 to /home/man37/.config/discord/0.0.102/modules/pending/discord_desktop_core-1.zip: 2%
7/19/2025, 10:20:55 PM GMT+5:30 [Modules] Streaming discord_desktop_core@1 to /home/man37/.config/discord/0.0.102/modules/pending/discord_desktop_core-1.zip: 3%
7/19/2025, 10:20:55 PM GMT+5:30 [Modules] Streaming discord_desktop_core@1 to /home/man37/.config/discord/0.0.102/modules/pending/discord_desktop_core-1.zip: 4%
7/19/2025, 10:20:55 PM GMT+5:30 [Modules] Streaming discord_desktop_core@1 to /home/man37/.config/discord/0.0.102/modules/pending/discord_desktop_core-1.zip: 5%
7/19/2025, 10:20:55 PM GMT+5:30 [Modules] Streaming discord_desktop_core@1 to /home/man37/.config/discord/0.0.102/modules/pending/discord_desktop_core-1.zip: 7%
7/19/2025, 10:20:55 PM GMT+5:30 [Modules] Streaming discord_desktop_core@1 to /home/man37/.config/discord/0.0.102/modules/pending/discord_desktop_core-1.zip: 9%
7/19/2025, 10:20:55 PM GMT+5:30 [Modules] Streaming discord_desktop_core@1 to /home/man37/.config/discord/0.0.102/modules/pending/discord_desktop_core-1.zip: 10%
7/19/2025, 10:20:55 PM GMT+5:30 [Modules] Streaming discord_desktop_core@1 to /home/man37/.config/discord/0.0.102/modules/pending/discord_desktop_core-1.zip: 11%
7/19/2025, 10:20:55 PM GMT+5:30 [Modules] Streaming discord_desktop_core@1 to /home/man37/.config/discord/0.0.102/modules/pending/discord_desktop_core-1.zip: 14%
7/19/2025, 10:20:55 PM GMT+5:30 [Modules] Streaming discord_desktop_core@1 to /home/man37/.config/discord/0.0.102/modules/pending/discord_desktop_core-1.zip: 15%
7/19/2025, 10:20:55 PM GMT+5:30 [Modules] Streaming discord_desktop_core@1 to /home/man37/.config/discord/0.0.102/modules/pending/discord_desktop_core-1.zip: 17%
7/19/2025, 10:20:55 PM GMT+5:30 [Modules] Streaming discord_desktop_core@1 to /home/man37/.config/discord/0.0.102/modules/pending/discord_desktop_core-1.zip: 20%
7/19/2025, 10:20:55 PM GMT+5:30 [Modules] Streaming discord_desktop_core@1 to /home/man37/.config/discord/0.0.102/modules/pending/discord_desktop_core-1.zip: 23%
7/19/2025, 10:20:55 PM GMT+5:30 [Modules] Streaming discord_desktop_core@1 to /home/man37/.config/discord/0.0.102/modules/pending/discord_desktop_core-1.zip: 24%
7/19/2025, 10:20:55 PM GMT+5:30 [Modules] Streaming discord_desktop_core@1 to /home/man37/.config/discord/0.0.102/modules/pending/discord_desktop_core-1.zip: 27%
7/19/2025, 10:20:55 PM GMT+5:30 [Modules] Streaming discord_desktop_core@1 to /home/man37/.config/discord/0.0.102/modules/pending/discord_desktop_core-1.zip: 30%
7/19/2025, 10:20:55 PM GMT+5:30 [Modules] Streaming discord_desktop_core@1 to /home/man37/.config/discord/0.0.102/modules/pending/discord_desktop_core-1.zip: 31%
7/19/2025, 10:20:55 PM GMT+5:30 [Modules] Streaming discord_desktop_core@1 to /home/man37/.config/discord/0.0.102/modules/pending/discord_desktop_core-1.zip: 32%
7/19/2025, 10:20:55 PM GMT+5:30 [Modules] Streaming discord_desktop_core@1 to /home/man37/.config/discord/0.0.102/modules/pending/discord_desktop_core-1.zip: 35%
7/19/2025, 10:20:55 PM GMT+5:30 [Modules] Streaming discord_desktop_core@1 to /home/man37/.config/discord/0.0.102/modules/pending/discord_desktop_core-1.zip: 36%
7/19/2025, 10:20:55 PM GMT+5:30 [Modules] Streaming discord_desktop_core@1 to /home/man37/.config/discord/0.0.102/modules/pending/discord_desktop_core-1.zip: 37%
7/19/2025, 10:20:55 PM GMT+5:30 [Modules] Streaming discord_desktop_core@1 to /home/man37/.config/discord/0.0.102/modules/pending/discord_desktop_core-1.zip: 40%
7/19/2025, 10:20:55 PM GMT+5:30 [Modules] Streaming discord_desktop_core@1 to /home/man37/.config/discord/0.0.102/modules/pending/discord_desktop_core-1.zip: 42%
7/19/2025, 10:20:55 PM GMT+5:30 [Modules] Streaming discord_desktop_core@1 to /home/man37/.config/discord/0.0.102/modules/pending/discord_desktop_core-1.zip: 43%
7/19/2025, 10:20:55 PM GMT+5:30 [Modules] Streaming discord_desktop_core@1 to /home/man37/.config/discord/0.0.102/modules/pending/discord_desktop_core-1.zip: 44%
7/19/2025, 10:20:55 PM GMT+5:30 [Modules] Streaming discord_desktop_core@1 to /home/man37/.config/discord/0.0.102/modules/pending/discord_desktop_core-1.zip: 45%
7/19/2025, 10:20:55 PM GMT+5:30 [Modules] Streaming discord_desktop_core@1 to /home/man37/.config/discord/0.0.102/modules/pending/discord_desktop_core-1.zip: 48%
7/19/2025, 10:20:55 PM GMT+5:30 [Modules] Streaming discord_desktop_core@1 to /home/man37/.config/discord/0.0.102/modules/pending/discord_desktop_core-1.zip: 51%
7/19/2025, 10:20:55 PM GMT+5:30 [Modules] Streaming discord_desktop_core@1 to /home/man37/.config/discord/0.0.102/modules/pending/discord_desktop_core-1.zip: 52%
7/19/2025, 10:20:55 PM GMT+5:30 [Modules] Streaming discord_desktop_core@1 to /home/man37/.config/discord/0.0.102/modules/pending/discord_desktop_core-1.zip: 53%
7/19/2025, 10:20:55 PM GMT+5:30 [Modules] Streaming discord_desktop_core@1 to /home/man37/.config/discord/0.0.102/modules/pending/discord_desktop_core-1.zip: 54%
7/19/2025, 10:20:55 PM GMT+5:30 [Modules] Streaming discord_desktop_core@1 to /home/man37/.config/discord/0.0.102/modules/pending/discord_desktop_core-1.zip: 57%
7/19/2025, 10:20:55 PM GMT+5:30 [Modules] Streaming discord_desktop_core@1 to /home/man37/.config/discord/0.0.102/modules/pending/discord_desktop_core-1.zip: 58%
7/19/2025, 10:20:55 PM GMT+5:30 [Modules] Streaming discord_desktop_core@1 to /home/man37/.config/discord/0.0.102/modules/pending/discord_desktop_core-1.zip: 61%
7/19/2025, 10:20:55 PM GMT+5:30 [Modules] Streaming discord_desktop_core@1 to /home/man37/.config/discord/0.0.102/modules/pending/discord_desktop_core-1.zip: 62%
7/19/2025, 10:20:55 PM GMT+5:30 [Modules] Streaming discord_desktop_core@1 to /home/man37/.config/discord/0.0.102/modules/pending/discord_desktop_core-1.zip: 65%
7/19/2025, 10:20:55 PM GMT+5:30 [Modules] Streaming discord_desktop_core@1 to /home/man37/.config/discord/0.0.102/modules/pending/discord_desktop_core-1.zip: 66%
7/19/2025, 10:20:55 PM GMT+5:30 [Modules] Streaming discord_desktop_core@1 to /home/man37/.config/discord/0.0.102/modules/pending/discord_desktop_core-1.zip: 67%
7/19/2025, 10:20:55 PM GMT+5:30 [Modules] Streaming discord_desktop_core@1 to /home/man37/.config/discord/0.0.102/modules/pending/discord_desktop_core-1.zip: 70%
7/19/2025, 10:20:56 PM GMT+5:30 [Modules] Streaming discord_desktop_core@1 to /home/man37/.config/discord/0.0.102/modules/pending/discord_desktop_core-1.zip: 71%
7/19/2025, 10:20:56 PM GMT+5:30 [Modules] Streaming discord_desktop_core@1 to /home/man37/.config/discord/0.0.102/modules/pending/discord_desktop_core-1.zip: 73%
7/19/2025, 10:20:56 PM GMT+5:30 [Modules] Streaming discord_desktop_core@1 to /home/man37/.config/discord/0.0.102/modules/pending/discord_desktop_core-1.zip: 74%
7/19/2025, 10:20:56 PM GMT+5:30 [Modules] Streaming discord_desktop_core@1 to /home/man37/.config/discord/0.0.102/modules/pending/discord_desktop_core-1.zip: 76%
7/19/2025, 10:20:56 PM GMT+5:30 [Modules] Streaming discord_desktop_core@1 to /home/man37/.config/discord/0.0.102/modules/pending/discord_desktop_core-1.zip: 78%
7/19/2025, 10:20:56 PM GMT+5:30 [Modules] Streaming discord_desktop_core@1 to /home/man37/.config/discord/0.0.102/modules/pending/discord_desktop_core-1.zip: 81%
7/19/2025, 10:20:56 PM GMT+5:30 [Modules] Streaming discord_desktop_core@1 to /home/man37/.config/discord/0.0.102/modules/pending/discord_desktop_core-1.zip: 83%
7/19/2025, 10:20:56 PM GMT+5:30 [Modules] Streaming discord_desktop_core@1 to /home/man37/.config/discord/0.0.102/modules/pending/discord_desktop_core-1.zip: 86%
7/19/2025, 10:20:56 PM GMT+5:30 [Modules] Streaming discord_desktop_core@1 to /home/man37/.config/discord/0.0.102/modules/pending/discord_desktop_core-1.zip: 87%
7/19/2025, 10:20:56 PM GMT+5:30 [Modules] Streaming discord_desktop_core@1 to /home/man37/.config/discord/0.0.102/modules/pending/discord_desktop_core-1.zip: 89%
7/19/2025, 10:20:56 PM GMT+5:30 [Modules] Streaming discord_desktop_core@1 to /home/man37/.config/discord/0.0.102/modules/pending/discord_desktop_core-1.zip: 90%
7/19/2025, 10:20:56 PM GMT+5:30 [Modules] Streaming discord_desktop_core@1 to /home/man37/.config/discord/0.0.102/modules/pending/discord_desktop_core-1.zip: 93%
7/19/2025, 10:20:56 PM GMT+5:30 [Modules] Streaming discord_desktop_core@1 to /home/man37/.config/discord/0.0.102/modules/pending/discord_desktop_core-1.zip: 94%
7/19/2025, 10:20:56 PM GMT+5:30 [Modules] Streaming discord_desktop_core@1 to /home/man37/.config/discord/0.0.102/modules/pending/discord_desktop_core-1.zip: 95%
7/19/2025, 10:20:56 PM GMT+5:30 [Modules] Streaming discord_desktop_core@1 to /home/man37/.config/discord/0.0.102/modules/pending/discord_desktop_core-1.zip: 98%
7/19/2025, 10:20:56 PM GMT+5:30 [Modules] Streaming discord_desktop_core@1 to /home/man37/.config/discord/0.0.102/modules/pending/discord_desktop_core-1.zip: 100%
7/19/2025, 10:20:56 PM GMT+5:30 [Modules] Fetching discord_erlpack@1 from https://discord.com/api/modules/stable/discord_erlpack/1
7/19/2025, 10:20:56 PM GMT+5:30 [Modules] Streaming discord_erlpack@1 to /home/man37/.config/discord/0.0.102/modules/pending/discord_erlpack-1.zip
7/19/2025, 10:20:56 PM GMT+5:30 [Modules] Streaming discord_erlpack@1 to /home/man37/.config/discord/0.0.102/modules/pending/discord_erlpack-1.zip: 2%
7/19/2025, 10:20:56 PM GMT+5:30 [Modules] Streaming discord_erlpack@1 to /home/man37/.config/discord/0.0.102/modules/pending/discord_erlpack-1.zip: 4%
7/19/2025, 10:20:56 PM GMT+5:30 [Modules] Streaming discord_erlpack@1 to /home/man37/.config/discord/0.0.102/modules/pending/discord_erlpack-1.zip: 7%
7/19/2025, 10:20:56 PM GMT+5:30 [Modules] Streaming discord_erlpack@1 to /home/man37/.config/discord/0.0.102/modules/pending/discord_erlpack-1.zip: 11%
7/19/2025, 10:20:56 PM GMT+5:30 [Modules] Streaming discord_erlpack@1 to /home/man37/.config/discord/0.0.102/modules/pending/discord_erlpack-1.zip: 14%
7/19/2025, 10:20:56 PM GMT+5:30 [Modules] Streaming discord_erlpack@1 to /home/man37/.config/discord/0.0.102/modules/pending/discord_erlpack-1.zip: 16%
7/19/2025, 10:20:56 PM GMT+5:30 [Modules] Streaming discord_erlpack@1 to /home/man37/.config/discord/0.0.102/modules/pending/discord_erlpack-1.zip: 19%
7/19/2025, 10:20:56 PM GMT+5:30 [Modules] Streaming discord_erlpack@1 to /home/man37/.config/discord/0.0.102/modules/pending/discord_erlpack-1.zip: 20%
7/19/2025, 10:20:56 PM GMT+5:30 [Modules] Streaming discord_erlpack@1 to /home/man37/.config/discord/0.0.102/modules/pending/discord_erlpack-1.zip: 22%
7/19/2025, 10:20:56 PM GMT+5:30 [Modules] Streaming discord_erlpack@1 to /home/man37/.config/discord/0.0.102/modules/pending/discord_erlpack-1.zip: 26%
7/19/2025, 10:20:56 PM GMT+5:30 [Modules] Streaming discord_erlpack@1 to /home/man37/.config/discord/0.0.102/modules/pending/discord_erlpack-1.zip: 30%
7/19/2025, 10:20:56 PM GMT+5:30 [Modules] Streaming discord_erlpack@1 to /home/man37/.config/discord/0.0.102/modules/pending/discord_erlpack-1.zip: 32%
7/19/2025, 10:20:56 PM GMT+5:30 [Modules] Streaming discord_erlpack@1 to /home/man37/.config/discord/0.0.102/modules/pending/discord_erlpack-1.zip: 35%
7/19/2025, 10:20:56 PM GMT+5:30 [Modules] Streaming discord_erlpack@1 to /home/man37/.config/discord/0.0.102/modules/pending/discord_erlpack-1.zip: 36%
7/19/2025, 10:20:56 PM GMT+5:30 [Modules] Streaming discord_erlpack@1 to /home/man37/.config/discord/0.0.102/modules/pending/discord_erlpack-1.zip: 37%
7/19/2025, 10:20:56 PM GMT+5:30 [Modules] Streaming discord_erlpack@1 to /home/man37/.config/discord/0.0.102/modules/pending/discord_erlpack-1.zip: 39%
7/19/2025, 10:20:56 PM GMT+5:30 [Modules] Streaming discord_erlpack@1 to /home/man37/.config/discord/0.0.102/modules/pending/discord_erlpack-1.zip: 41%
7/19/2025, 10:20:56 PM GMT+5:30 [Modules] Streaming discord_erlpack@1 to /home/man37/.config/discord/0.0.102/modules/pending/discord_erlpack-1.zip: 44%
7/19/2025, 10:20:56 PM GMT+5:30 [Modules] Streaming discord_erlpack@1 to /home/man37/.config/discord/0.0.102/modules/pending/discord_erlpack-1.zip: 45%
7/19/2025, 10:20:56 PM GMT+5:30 [Modules] Streaming discord_erlpack@1 to /home/man37/.config/discord/0.0.102/modules/pending/discord_erlpack-1.zip: 46%
7/19/2025, 10:20:56 PM GMT+5:30 [Modules] Streaming discord_erlpack@1 to /home/man37/.config/discord/0.0.102/modules/pending/discord_erlpack-1.zip: 47%
7/19/2025, 10:20:56 PM GMT+5:30 [Modules] Streaming discord_erlpack@1 to /home/man37/.config/discord/0.0.102/modules/pending/discord_erlpack-1.zip: 48%
7/19/2025, 10:20:56 PM GMT+5:30 [Modules] Streaming discord_erlpack@1 to /home/man37/.config/discord/0.0.102/modules/pending/discord_erlpack-1.zip: 51%
7/19/2025, 10:20:56 PM GMT+5:30 [Modules] Streaming discord_erlpack@1 to /home/man37/.config/discord/0.0.102/modules/pending/discord_erlpack-1.zip: 52%
7/19/2025, 10:20:56 PM GMT+5:30 [Modules] Streaming discord_erlpack@1 to /home/man37/.config/discord/0.0.102/modules/pending/discord_erlpack-1.zip: 55%
7/19/2025, 10:20:56 PM GMT+5:30 [Modules] Streaming discord_erlpack@1 to /home/man37/.config/discord/0.0.102/modules/pending/discord_erlpack-1.zip: 56%
7/19/2025, 10:20:56 PM GMT+5:30 [Modules] Streaming discord_erlpack@1 to /home/man37/.config/discord/0.0.102/modules/pending/discord_erlpack-1.zip: 60%
7/19/2025, 10:20:56 PM GMT+5:30 [Modules] Streaming discord_erlpack@1 to /home/man37/.config/discord/0.0.102/modules/pending/discord_erlpack-1.zip: 61%
7/19/2025, 10:20:56 PM GMT+5:30 [Modules] Streaming discord_erlpack@1 to /home/man37/.config/discord/0.0.102/modules/pending/discord_erlpack-1.zip: 64%
7/19/2025, 10:20:56 PM GMT+5:30 [Modules] Streaming discord_erlpack@1 to /home/man37/.config/discord/0.0.102/modules/pending/discord_erlpack-1.zip: 67%
7/19/2025, 10:20:56 PM GMT+5:30 [Modules] Streaming discord_erlpack@1 to /home/man37/.config/discord/0.0.102/modules/pending/discord_erlpack-1.zip: 68%
7/19/2025, 10:20:56 PM GMT+5:30 [Modules] Streaming discord_erlpack@1 to /home/man37/.config/discord/0.0.102/modules/pending/discord_erlpack-1.zip: 71%
7/19/2025, 10:20:56 PM GMT+5:30 [Modules] Streaming discord_erlpack@1 to /home/man37/.config/discord/0.0.102/modules/pending/discord_erlpack-1.zip: 72%
7/19/2025, 10:20:56 PM GMT+5:30 [Modules] Streaming discord_erlpack@1 to /home/man37/.config/discord/0.0.102/modules/pending/discord_erlpack-1.zip: 74%
7/19/2025, 10:20:56 PM GMT+5:30 [Modules] Streaming discord_erlpack@1 to /home/man37/.config/discord/0.0.102/modules/pending/discord_erlpack-1.zip: 80%
7/19/2025, 10:20:56 PM GMT+5:30 [Modules] Streaming discord_erlpack@1 to /home/man37/.config/discord/0.0.102/modules/pending/discord_erlpack-1.zip: 82%
7/19/2025, 10:20:56 PM GMT+5:30 [Modules] Streaming discord_erlpack@1 to /home/man37/.config/discord/0.0.102/modules/pending/discord_erlpack-1.zip: 83%
7/19/2025, 10:20:56 PM GMT+5:30 [Modules] Streaming discord_erlpack@1 to /home/man37/.config/discord/0.0.102/modules/pending/discord_erlpack-1.zip: 85%
7/19/2025, 10:20:56 PM GMT+5:30 [Modules] Streaming discord_erlpack@1 to /home/man37/.config/discord/0.0.102/modules/pending/discord_erlpack-1.zip: 87%
7/19/2025, 10:20:56 PM GMT+5:30 [Modules] Streaming discord_erlpack@1 to /home/man37/.config/discord/0.0.102/modules/pending/discord_erlpack-1.zip: 90%
7/19/2025, 10:20:56 PM GMT+5:30 [Modules] Streaming discord_erlpack@1 to /home/man37/.config/discord/0.0.102/modules/pending/discord_erlpack-1.zip: 91%
7/19/2025, 10:20:56 PM GMT+5:30 [Modules] Streaming discord_erlpack@1 to /home/man37/.config/discord/0.0.102/modules/pending/discord_erlpack-1.zip: 93%
7/19/2025, 10:20:56 PM GMT+5:30 [Modules] Streaming discord_erlpack@1 to /home/man37/.config/discord/0.0.102/modules/pending/discord_erlpack-1.zip: 96%
7/19/2025, 10:20:56 PM GMT+5:30 [Modules] Streaming discord_erlpack@1 to /home/man37/.config/discord/0.0.102/modules/pending/discord_erlpack-1.zip: 99%
7/19/2025, 10:20:56 PM GMT+5:30 [Modules] Streaming discord_erlpack@1 to /home/man37/.config/discord/0.0.102/modules/pending/discord_erlpack-1.zip: 100%
7/19/2025, 10:20:56 PM GMT+5:30 [Modules] Fetching discord_spellcheck@1 from https://discord.com/api/modules/stable/discord_spellcheck/1
7/19/2025, 10:20:56 PM GMT+5:30 [Modules] Streaming discord_spellcheck@1 to /home/man37/.config/discord/0.0.102/modules/pending/discord_spellcheck-1.zip
7/19/2025, 10:20:57 PM GMT+5:30 [Modules] Streaming discord_spellcheck@1 to /home/man37/.config/discord/0.0.102/modules/pending/discord_spellcheck-1.zip: 1%
7/19/2025, 10:20:57 PM GMT+5:30 [Modules] Streaming discord_spellcheck@1 to /home/man37/.config/discord/0.0.102/modules/pending/discord_spellcheck-1.zip: 2%
7/19/2025, 10:20:57 PM GMT+5:30 [Modules] Streaming discord_spellcheck@1 to /home/man37/.config/discord/0.0.102/modules/pending/discord_spellcheck-1.zip: 3%
7/19/2025, 10:20:57 PM GMT+5:30 [Modules] Streaming discord_spellcheck@1 to /home/man37/.config/discord/0.0.102/modules/pending/discord_spellcheck-1.zip: 4%
7/19/2025, 10:20:57 PM GMT+5:30 [Modules] Streaming discord_spellcheck@1 to /home/man37/.config/discord/0.0.102/modules/pending/discord_spellcheck-1.zip: 5%
7/19/2025, 10:20:57 PM GMT+5:30 [Modules] Streaming discord_spellcheck@1 to /home/man37/.config/discord/0.0.102/modules/pending/discord_spellcheck-1.zip: 6%
7/19/2025, 10:20:57 PM GMT+5:30 [Modules] Streaming discord_spellcheck@1 to /home/man37/.config/discord/0.0.102/modules/pending/discord_spellcheck-1.zip: 7%
7/19/2025, 10:20:57 PM GMT+5:30 [Modules] Streaming discord_spellcheck@1 to /home/man37/.config/discord/0.0.102/modules/pending/discord_spellcheck-1.zip: 8%
7/19/2025, 10:20:57 PM GMT+5:30 [Modules] Streaming discord_spellcheck@1 to /home/man37/.config/discord/0.0.102/modules/pending/discord_spellcheck-1.zip: 9%
7/19/2025, 10:20:57 PM GMT+5:30 [Modules] Streaming discord_spellcheck@1 to /home/man37/.config/discord/0.0.102/modules/pending/discord_spellcheck-1.zip: 10%
7/19/2025, 10:20:57 PM GMT+5:30 [Modules] Streaming discord_spellcheck@1 to /home/man37/.config/discord/0.0.102/modules/pending/discord_spellcheck-1.zip: 11%
7/19/2025, 10:20:57 PM GMT+5:30 [Modules] Streaming discord_spellcheck@1 to /home/man37/.config/discord/0.0.102/modules/pending/discord_spellcheck-1.zip: 12%
7/19/2025, 10:20:57 PM GMT+5:30 [Modules] Streaming discord_spellcheck@1 to /home/man37/.config/discord/0.0.102/modules/pending/discord_spellcheck-1.zip: 13%
7/19/2025, 10:20:57 PM GMT+5:30 [Modules] Streaming discord_spellcheck@1 to /home/man37/.config/discord/0.0.102/modules/pending/discord_spellcheck-1.zip: 14%
7/19/2025, 10:20:57 PM GMT+5:30 [Modules] Streaming discord_spellcheck@1 to /home/man37/.config/discord/0.0.102/modules/pending/discord_spellcheck-1.zip: 15%
7/19/2025, 10:20:57 PM GMT+5:30 [Modules] Streaming discord_spellcheck@1 to /home/man37/.config/discord/0.0.102/modules/pending/discord_spellcheck-1.zip: 16%
7/19/2025, 10:20:57 PM GMT+5:30 [Modules] Streaming discord_spellcheck@1 to /home/man37/.config/discord/0.0.102/modules/pending/discord_spellcheck-1.zip: 17%
7/19/2025, 10:20:57 PM GMT+5:30 [Modules] Streaming discord_spellcheck@1 to /home/man37/.config/discord/0.0.102/modules/pending/discord_spellcheck-1.zip: 18%
7/19/2025, 10:20:57 PM GMT+5:30 [Modules] Streaming discord_spellcheck@1 to /home/man37/.config/discord/0.0.102/modules/pending/discord_spellcheck-1.zip: 19%
7/19/2025, 10:20:57 PM GMT+5:30 [Modules] Streaming discord_spellcheck@1 to /home/man37/.config/discord/0.0.102/modules/pending/discord_spellcheck-1.zip: 20%
7/19/2025, 10:20:57 PM GMT+5:30 [Modules] Streaming discord_spellcheck@1 to /home/man37/.config/discord/0.0.102/modules/pending/discord_spellcheck-1.zip: 21%
7/19/2025, 10:20:57 PM GMT+5:30 [Modules] Streaming discord_spellcheck@1 to /home/man37/.config/discord/0.0.102/modules/pending/discord_spellcheck-1.zip: 22%
7/19/2025, 10:20:57 PM GMT+5:30 [Modules] Streaming discord_spellcheck@1 to /home/man37/.config/discord/0.0.102/modules/pending/discord_spellcheck-1.zip: 23%
7/19/2025, 10:20:57 PM GMT+5:30 [Modules] Streaming discord_spellcheck@1 to /home/man37/.config/discord/0.0.102/modules/pending/discord_spellcheck-1.zip: 24%
7/19/2025, 10:20:57 PM GMT+5:30 [Modules] Streaming discord_spellcheck@1 to /home/man37/.config/discord/0.0.102/modules/pending/discord_spellcheck-1.zip: 25%
7/19/2025, 10:20:57 PM GMT+5:30 [Modules] Streaming discord_spellcheck@1 to /home/man37/.config/discord/0.0.102/modules/pending/discord_spellcheck-1.zip: 26%
7/19/2025, 10:20:57 PM GMT+5:30 [Modules] Streaming discord_spellcheck@1 to /home/man37/.config/discord/0.0.102/modules/pending/discord_spellcheck-1.zip: 27%
7/19/2025, 10:20:57 PM GMT+5:30 [Modules] Streaming discord_spellcheck@1 to /home/man37/.config/discord/0.0.102/modules/pending/discord_spellcheck-1.zip: 28%
7/19/2025, 10:20:57 PM GMT+5:30 [Modules] Streaming discord_spellcheck@1 to /home/man37/.config/discord/0.0.102/modules/pending/discord_spellcheck-1.zip: 29%
7/19/2025, 10:20:57 PM GMT+5:30 [Modules] Streaming discord_spellcheck@1 to /home/man37/.config/discord/0.0.102/modules/pending/discord_spellcheck-1.zip: 30%
7/19/2025, 10:20:57 PM GMT+5:30 [Modules] Streaming discord_spellcheck@1 to /home/man37/.config/discord/0.0.102/modules/pending/discord_spellcheck-1.zip: 31%
7/19/2025, 10:20:57 PM GMT+5:30 [Modules] Streaming discord_spellcheck@1 to /home/man37/.config/discord/0.0.102/modules/pending/discord_spellcheck-1.zip: 32%
7/19/2025, 10:20:57 PM GMT+5:30 [Modules] Streaming discord_spellcheck@1 to /home/man37/.config/discord/0.0.102/modules/pending/discord_spellcheck-1.zip: 33%
7/19/2025, 10:20:57 PM GMT+5:30 [Modules] Streaming discord_spellcheck@1 to /home/man37/.config/discord/0.0.102/modules/pending/discord_spellcheck-1.zip: 34%
7/19/2025, 10:20:57 PM GMT+5:30 [Modules] Streaming discord_spellcheck@1 to /home/man37/.config/discord/0.0.102/modules/pending/discord_spellcheck-1.zip: 35%
7/19/2025, 10:20:57 PM GMT+5:30 [Modules] Streaming discord_spellcheck@1 to /home/man37/.config/discord/0.0.102/modules/pending/discord_spellcheck-1.zip: 36%
7/19/2025, 10:20:57 PM GMT+5:30 [Modules] Streaming discord_spellcheck@1 to /home/man37/.config/discord/0.0.102/modules/pending/discord_spellcheck-1.zip: 37%
7/19/2025, 10:20:57 PM GMT+5:30 [Modules] Streaming discord_spellcheck@1 to /home/man37/.config/discord/0.0.102/modules/pending/discord_spellcheck-1.zip: 38%
7/19/2025, 10:20:57 PM GMT+5:30 [Modules] Streaming discord_spellcheck@1 to /home/man37/.config/discord/0.0.102/modules/pending/discord_spellcheck-1.zip: 39%
7/19/2025, 10:20:57 PM GMT+5:30 [Modules] Streaming discord_spellcheck@1 to /home/man37/.config/discord/0.0.102/modules/pending/discord_spellcheck-1.zip: 40%
7/19/2025, 10:20:57 PM GMT+5:30 [Modules] Streaming discord_spellcheck@1 to /home/man37/.config/discord/0.0.102/modules/pending/discord_spellcheck-1.zip: 41%
7/19/2025, 10:20:57 PM GMT+5:30 [Modules] Streaming discord_spellcheck@1 to /home/man37/.config/discord/0.0.102/modules/pending/discord_spellcheck-1.zip: 42%
7/19/2025, 10:20:57 PM GMT+5:30 [Modules] Streaming discord_spellcheck@1 to /home/man37/.config/discord/0.0.102/modules/pending/discord_spellcheck-1.zip: 43%
7/19/2025, 10:20:57 PM GMT+5:30 [Modules] Streaming discord_spellcheck@1 to /home/man37/.config/discord/0.0.102/modules/pending/discord_spellcheck-1.zip: 44%
7/19/2025, 10:20:57 PM GMT+5:30 [Modules] Streaming discord_spellcheck@1 to /home/man37/.config/discord/0.0.102/modules/pending/discord_spellcheck-1.zip: 45%
7/19/2025, 10:20:57 PM GMT+5:30 [Modules] Streaming discord_spellcheck@1 to /home/man37/.config/discord/0.0.102/modules/pending/discord_spellcheck-1.zip: 46%
7/19/2025, 10:20:57 PM GMT+5:30 [Modules] Streaming discord_spellcheck@1 to /home/man37/.config/discord/0.0.102/modules/pending/discord_spellcheck-1.zip: 47%
7/19/2025, 10:20:57 PM GMT+5:30 [Modules] Streaming discord_spellcheck@1 to /home/man37/.config/discord/0.0.102/modules/pending/discord_spellcheck-1.zip: 48%
7/19/2025, 10:20:57 PM GMT+5:30 [Modules] Streaming discord_spellcheck@1 to /home/man37/.config/discord/0.0.102/modules/pending/discord_spellcheck-1.zip: 49%
7/19/2025, 10:20:57 PM GMT+5:30 [Modules] Streaming discord_spellcheck@1 to /home/man37/.config/discord/0.0.102/modules/pending/discord_spellcheck-1.zip: 50%
7/19/2025, 10:20:57 PM GMT+5:30 [Modules] Streaming discord_spellcheck@1 to /home/man37/.config/discord/0.0.102/modules/pending/discord_spellcheck-1.zip: 51%
7/19/2025, 10:20:57 PM GMT+5:30 [Modules] Streaming discord_spellcheck@1 to /home/man37/.config/discord/0.0.102/modules/pending/discord_spellcheck-1.zip: 54%
7/19/2025, 10:20:57 PM GMT+5:30 [Modules] Streaming discord_spellcheck@1 to /home/man37/.config/discord/0.0.102/modules/pending/discord_spellcheck-1.zip: 55%
7/19/2025, 10:20:57 PM GMT+5:30 [Modules] Streaming discord_spellcheck@1 to /home/man37/.config/discord/0.0.102/modules/pending/discord_spellcheck-1.zip: 56%
7/19/2025, 10:20:57 PM GMT+5:30 [Modules] Streaming discord_spellcheck@1 to /home/man37/.config/discord/0.0.102/modules/pending/discord_spellcheck-1.zip: 57%
7/19/2025, 10:20:57 PM GMT+5:30 [Modules] Streaming discord_spellcheck@1 to /home/man37/.config/discord/0.0.102/modules/pending/discord_spellcheck-1.zip: 58%
7/19/2025, 10:20:57 PM GMT+5:30 [Modules] Streaming discord_spellcheck@1 to /home/man37/.config/discord/0.0.102/modules/pending/discord_spellcheck-1.zip: 59%
7/19/2025, 10:20:57 PM GMT+5:30 [Modules] Streaming discord_spellcheck@1 to /home/man37/.config/discord/0.0.102/modules/pending/discord_spellcheck-1.zip: 60%
7/19/2025, 10:20:57 PM GMT+5:30 [Modules] Streaming discord_spellcheck@1 to /home/man37/.config/discord/0.0.102/modules/pending/discord_spellcheck-1.zip: 61%
7/19/2025, 10:20:57 PM GMT+5:30 [Modules] Streaming discord_spellcheck@1 to /home/man37/.config/discord/0.0.102/modules/pending/discord_spellcheck-1.zip: 62%
7/19/2025, 10:20:57 PM GMT+5:30 [Modules] Streaming discord_spellcheck@1 to /home/man37/.config/discord/0.0.102/modules/pending/discord_spellcheck-1.zip: 63%
7/19/2025, 10:20:57 PM GMT+5:30 [Modules] Streaming discord_spellcheck@1 to /home/man37/.config/discord/0.0.102/modules/pending/discord_spellcheck-1.zip: 64%
7/19/2025, 10:20:57 PM GMT+5:30 [Modules] Streaming discord_spellcheck@1 to /home/man37/.config/discord/0.0.102/modules/pending/discord_spellcheck-1.zip: 65%
7/19/2025, 10:20:57 PM GMT+5:30 [Modules] Streaming discord_spellcheck@1 to /home/man37/.config/discord/0.0.102/modules/pending/discord_spellcheck-1.zip: 66%
7/19/2025, 10:20:57 PM GMT+5:30 [Modules] Streaming discord_spellcheck@1 to /home/man37/.config/discord/0.0.102/modules/pending/discord_spellcheck-1.zip: 67%
7/19/2025, 10:20:57 PM GMT+5:30 [Modules] Streaming discord_spellcheck@1 to /home/man37/.config/discord/0.0.102/modules/pending/discord_spellcheck-1.zip: 68%
7/19/2025, 10:20:57 PM GMT+5:30 [Modules] Streaming discord_spellcheck@1 to /home/man37/.config/discord/0.0.102/modules/pending/discord_spellcheck-1.zip: 69%
7/19/2025, 10:20:57 PM GMT+5:30 [Modules] Streaming discord_spellcheck@1 to /home/man37/.config/discord/0.0.102/modules/pending/discord_spellcheck-1.zip: 70%
7/19/2025, 10:20:57 PM GMT+5:30 [Modules] Streaming discord_spellcheck@1 to /home/man37/.config/discord/0.0.102/modules/pending/discord_spellcheck-1.zip: 71%
7/19/2025, 10:20:57 PM GMT+5:30 [Modules] Streaming discord_spellcheck@1 to /home/man37/.config/discord/0.0.102/modules/pending/discord_spellcheck-1.zip: 72%
7/19/2025, 10:20:57 PM GMT+5:30 [Modules] Streaming discord_spellcheck@1 to /home/man37/.config/discord/0.0.102/modules/pending/discord_spellcheck-1.zip: 73%
7/19/2025, 10:20:57 PM GMT+5:30 [Modules] Streaming discord_spellcheck@1 to /home/man37/.config/discord/0.0.102/modules/pending/discord_spellcheck-1.zip: 74%
7/19/2025, 10:20:57 PM GMT+5:30 [Modules] Streaming discord_spellcheck@1 to /home/man37/.config/discord/0.0.102/modules/pending/discord_spellcheck-1.zip: 75%
7/19/2025, 10:20:57 PM GMT+5:30 [Modules] Streaming discord_spellcheck@1 to /home/man37/.config/discord/0.0.102/modules/pending/discord_spellcheck-1.zip: 76%
7/19/2025, 10:20:57 PM GMT+5:30 [Modules] Streaming discord_spellcheck@1 to /home/man37/.config/discord/0.0.102/modules/pending/discord_spellcheck-1.zip: 77%
7/19/2025, 10:20:57 PM GMT+5:30 [Modules] Streaming discord_spellcheck@1 to /home/man37/.config/discord/0.0.102/modules/pending/discord_spellcheck-1.zip: 78%
7/19/2025, 10:20:57 PM GMT+5:30 [Modules] Streaming discord_spellcheck@1 to /home/man37/.config/discord/0.0.102/modules/pending/discord_spellcheck-1.zip: 79%
7/19/2025, 10:20:57 PM GMT+5:30 [Modules] Streaming discord_spellcheck@1 to /home/man37/.config/discord/0.0.102/modules/pending/discord_spellcheck-1.zip: 80%
7/19/2025, 10:20:57 PM GMT+5:30 [Modules] Streaming discord_spellcheck@1 to /home/man37/.config/discord/0.0.102/modules/pending/discord_spellcheck-1.zip: 81%
7/19/2025, 10:20:57 PM GMT+5:30 [Modules] Streaming discord_spellcheck@1 to /home/man37/.config/discord/0.0.102/modules/pending/discord_spellcheck-1.zip: 82%
7/19/2025, 10:20:57 PM GMT+5:30 [Modules] Streaming discord_spellcheck@1 to /home/man37/.config/discord/0.0.102/modules/pending/discord_spellcheck-1.zip: 83%
7/19/2025, 10:20:57 PM GMT+5:30 [Modules] Streaming discord_spellcheck@1 to /home/man37/.config/discord/0.0.102/modules/pending/discord_spellcheck-1.zip: 84%
7/19/2025, 10:20:57 PM GMT+5:30 [Modules] Streaming discord_spellcheck@1 to /home/man37/.config/discord/0.0.102/modules/pending/discord_spellcheck-1.zip: 85%
7/19/2025, 10:20:57 PM GMT+5:30 [Modules] Streaming discord_spellcheck@1 to /home/man37/.config/discord/0.0.102/modules/pending/discord_spellcheck-1.zip: 86%
7/19/2025, 10:20:57 PM GMT+5:30 [Modules] Streaming discord_spellcheck@1 to /home/man37/.config/discord/0.0.102/modules/pending/discord_spellcheck-1.zip: 87%
7/19/2025, 10:20:57 PM GMT+5:30 [Modules] Streaming discord_spellcheck@1 to /home/man37/.config/discord/0.0.102/modules/pending/discord_spellcheck-1.zip: 88%
7/19/2025, 10:20:57 PM GMT+5:30 [Modules] Streaming discord_spellcheck@1 to /home/man37/.config/discord/0.0.102/modules/pending/discord_spellcheck-1.zip: 89%
7/19/2025, 10:20:57 PM GMT+5:30 [Modules] Streaming discord_spellcheck@1 to /home/man37/.config/discord/0.0.102/modules/pending/discord_spellcheck-1.zip: 90%
7/19/2025, 10:20:57 PM GMT+5:30 [Modules] Streaming discord_spellcheck@1 to /home/man37/.config/discord/0.0.102/modules/pending/discord_spellcheck-1.zip: 91%
7/19/2025, 10:20:57 PM GMT+5:30 [Modules] Streaming discord_spellcheck@1 to /home/man37/.config/discord/0.0.102/modules/pending/discord_spellcheck-1.zip: 92%
7/19/2025, 10:20:57 PM GMT+5:30 [Modules] Streaming discord_spellcheck@1 to /home/man37/.config/discord/0.0.102/modules/pending/discord_spellcheck-1.zip: 93%
7/19/2025, 10:20:57 PM GMT+5:30 [Modules] Streaming discord_spellcheck@1 to /home/man37/.config/discord/0.0.102/modules/pending/discord_spellcheck-1.zip: 94%
7/19/2025, 10:20:57 PM GMT+5:30 [Modules] Streaming discord_spellcheck@1 to /home/man37/.config/discord/0.0.102/modules/pending/discord_spellcheck-1.zip: 95%
7/19/2025, 10:20:57 PM GMT+5:30 [Modules] Streaming discord_spellcheck@1 to /home/man37/.config/discord/0.0.102/modules/pending/discord_spellcheck-1.zip: 96%
7/19/2025, 10:20:57 PM GMT+5:30 [Modules] Streaming discord_spellcheck@1 to /home/man37/.config/discord/0.0.102/modules/pending/discord_spellcheck-1.zip: 97%
7/19/2025, 10:20:57 PM GMT+5:30 [Modules] Streaming discord_spellcheck@1 to /home/man37/.config/discord/0.0.102/modules/pending/discord_spellcheck-1.zip: 98%
7/19/2025, 10:20:57 PM GMT+5:30 [Modules] Streaming discord_spellcheck@1 to /home/man37/.config/discord/0.0.102/modules/pending/discord_spellcheck-1.zip: 99%
7/19/2025, 10:20:57 PM GMT+5:30 [Modules] Streaming discord_spellcheck@1 to /home/man37/.config/discord/0.0.102/modules/pending/discord_spellcheck-1.zip: 100%
7/19/2025, 10:20:57 PM GMT+5:30 [Modules] Fetching discord_utils@1 from https://discord.com/api/modules/stable/discord_utils/1
7/19/2025, 10:20:57 PM GMT+5:30 [Modules] Streaming discord_utils@1 to /home/man37/.config/discord/0.0.102/modules/pending/discord_utils-1.zip
7/19/2025, 10:20:58 PM GMT+5:30 [Modules] Streaming discord_utils@1 to /home/man37/.config/discord/0.0.102/modules/pending/discord_utils-1.zip: 1%
7/19/2025, 10:20:58 PM GMT+5:30 [Modules] Streaming discord_utils@1 to /home/man37/.config/discord/0.0.102/modules/pending/discord_utils-1.zip: 2%
7/19/2025, 10:20:58 PM GMT+5:30 [Modules] Streaming discord_utils@1 to /home/man37/.config/discord/0.0.102/modules/pending/discord_utils-1.zip: 5%
7/19/2025, 10:20:58 PM GMT+5:30 [Modules] Streaming discord_utils@1 to /home/man37/.config/discord/0.0.102/modules/pending/discord_utils-1.zip: 6%
7/19/2025, 10:20:58 PM GMT+5:30 [Modules] Streaming discord_utils@1 to /home/man37/.config/discord/0.0.102/modules/pending/discord_utils-1.zip: 7%
7/19/2025, 10:20:58 PM GMT+5:30 [Modules] Streaming discord_utils@1 to /home/man37/.config/discord/0.0.102/modules/pending/discord_utils-1.zip: 8%
7/19/2025, 10:20:58 PM GMT+5:30 [Modules] Streaming discord_utils@1 to /home/man37/.config/discord/0.0.102/modules/pending/discord_utils-1.zip: 9%
7/19/2025, 10:20:58 PM GMT+5:30 [Modules] Streaming discord_utils@1 to /home/man37/.config/discord/0.0.102/modules/pending/discord_utils-1.zip: 11%
7/19/2025, 10:20:58 PM GMT+5:30 [Modules] Streaming discord_utils@1 to /home/man37/.config/discord/0.0.102/modules/pending/discord_utils-1.zip: 13%
7/19/2025, 10:20:58 PM GMT+5:30 [Modules] Streaming discord_utils@1 to /home/man37/.config/discord/0.0.102/modules/pending/discord_utils-1.zip: 14%
7/19/2025, 10:20:58 PM GMT+5:30 [Modules] Streaming discord_utils@1 to /home/man37/.config/discord/0.0.102/modules/pending/discord_utils-1.zip: 15%
7/19/2025, 10:20:58 PM GMT+5:30 [Modules] Streaming discord_utils@1 to /home/man37/.config/discord/0.0.102/modules/pending/discord_utils-1.zip: 16%
7/19/2025, 10:20:58 PM GMT+5:30 [Modules] Streaming discord_utils@1 to /home/man37/.config/discord/0.0.102/modules/pending/discord_utils-1.zip: 17%
7/19/2025, 10:20:58 PM GMT+5:30 [Modules] Streaming discord_utils@1 to /home/man37/.config/discord/0.0.102/modules/pending/discord_utils-1.zip: 18%
7/19/2025, 10:20:58 PM GMT+5:30 [Modules] Streaming discord_utils@1 to /home/man37/.config/discord/0.0.102/modules/pending/discord_utils-1.zip: 19%
7/19/2025, 10:20:58 PM GMT+5:30 [Modules] Streaming discord_utils@1 to /home/man37/.config/discord/0.0.102/modules/pending/discord_utils-1.zip: 20%
7/19/2025, 10:20:58 PM GMT+5:30 [Modules] Streaming discord_utils@1 to /home/man37/.config/discord/0.0.102/modules/pending/discord_utils-1.zip: 21%
7/19/2025, 10:20:58 PM GMT+5:30 [Modules] Streaming discord_utils@1 to /home/man37/.config/discord/0.0.102/modules/pending/discord_utils-1.zip: 22%
7/19/2025, 10:20:58 PM GMT+5:30 [Modules] Streaming discord_utils@1 to /home/man37/.config/discord/0.0.102/modules/pending/discord_utils-1.zip: 24%
7/19/2025, 10:20:58 PM GMT+5:30 [Modules] Streaming discord_utils@1 to /home/man37/.config/discord/0.0.102/modules/pending/discord_utils-1.zip: 25%
7/19/2025, 10:20:58 PM GMT+5:30 [Modules] Streaming discord_utils@1 to /home/man37/.config/discord/0.0.102/modules/pending/discord_utils-1.zip: 26%
7/19/2025, 10:20:58 PM GMT+5:30 [Modules] Streaming discord_utils@1 to /home/man37/.config/discord/0.0.102/modules/pending/discord_utils-1.zip: 28%
7/19/2025, 10:20:58 PM GMT+5:30 [Modules] Streaming discord_utils@1 to /home/man37/.config/discord/0.0.102/modules/pending/discord_utils-1.zip: 29%
7/19/2025, 10:20:58 PM GMT+5:30 [Modules] Streaming discord_utils@1 to /home/man37/.config/discord/0.0.102/modules/pending/discord_utils-1.zip: 30%
7/19/2025, 10:20:58 PM GMT+5:30 [Modules] Streaming discord_utils@1 to /home/man37/.config/discord/0.0.102/modules/pending/discord_utils-1.zip: 32%
7/19/2025, 10:20:58 PM GMT+5:30 [Modules] Streaming discord_utils@1 to /home/man37/.config/discord/0.0.102/modules/pending/discord_utils-1.zip: 33%
7/19/2025, 10:20:58 PM GMT+5:30 [Modules] Streaming discord_utils@1 to /home/man37/.config/discord/0.0.102/modules/pending/discord_utils-1.zip: 35%
7/19/2025, 10:20:58 PM GMT+5:30 [Modules] Streaming discord_utils@1 to /home/man37/.config/discord/0.0.102/modules/pending/discord_utils-1.zip: 36%
7/19/2025, 10:20:58 PM GMT+5:30 [Modules] Streaming discord_utils@1 to /home/man37/.config/discord/0.0.102/modules/pending/discord_utils-1.zip: 38%
7/19/2025, 10:20:58 PM GMT+5:30 [Modules] Streaming discord_utils@1 to /home/man37/.config/discord/0.0.102/modules/pending/discord_utils-1.zip: 39%
7/19/2025, 10:20:58 PM GMT+5:30 [Modules] Streaming discord_utils@1 to /home/man37/.config/discord/0.0.102/modules/pending/discord_utils-1.zip: 40%
7/19/2025, 10:20:58 PM GMT+5:30 [Modules] Streaming discord_utils@1 to /home/man37/.config/discord/0.0.102/modules/pending/discord_utils-1.zip: 41%
7/19/2025, 10:20:58 PM GMT+5:30 [Modules] Streaming discord_utils@1 to /home/man37/.config/discord/0.0.102/modules/pending/discord_utils-1.zip: 42%
7/19/2025, 10:20:58 PM GMT+5:30 [Modules] Streaming discord_utils@1 to /home/man37/.config/discord/0.0.102/modules/pending/discord_utils-1.zip: 44%
7/19/2025, 10:20:58 PM GMT+5:30 [Modules] Streaming discord_utils@1 to /home/man37/.config/discord/0.0.102/modules/pending/discord_utils-1.zip: 45%
7/19/2025, 10:20:58 PM GMT+5:30 [Modules] Streaming discord_utils@1 to /home/man37/.config/discord/0.0.102/modules/pending/discord_utils-1.zip: 47%
7/19/2025, 10:20:58 PM GMT+5:30 [Modules] Streaming discord_utils@1 to /home/man37/.config/discord/0.0.102/modules/pending/discord_utils-1.zip: 48%
7/19/2025, 10:20:58 PM GMT+5:30 [Modules] Streaming discord_utils@1 to /home/man37/.config/discord/0.0.102/modules/pending/discord_utils-1.zip: 49%
7/19/2025, 10:20:58 PM GMT+5:30 [Modules] Streaming discord_utils@1 to /home/man37/.config/discord/0.0.102/modules/pending/discord_utils-1.zip: 51%
7/19/2025, 10:20:58 PM GMT+5:30 [Modules] Streaming discord_utils@1 to /home/man37/.config/discord/0.0.102/modules/pending/discord_utils-1.zip: 52%
7/19/2025, 10:20:58 PM GMT+5:30 [Modules] Streaming discord_utils@1 to /home/man37/.config/discord/0.0.102/modules/pending/discord_utils-1.zip: 54%
7/19/2025, 10:20:58 PM GMT+5:30 [Modules] Streaming discord_utils@1 to /home/man37/.config/discord/0.0.102/modules/pending/discord_utils-1.zip: 55%
7/19/2025, 10:20:58 PM GMT+5:30 [Modules] Streaming discord_utils@1 to /home/man37/.config/discord/0.0.102/modules/pending/discord_utils-1.zip: 56%
7/19/2025, 10:20:58 PM GMT+5:30 [Modules] Streaming discord_utils@1 to /home/man37/.config/discord/0.0.102/modules/pending/discord_utils-1.zip: 57%
7/19/2025, 10:20:58 PM GMT+5:30 [Modules] Streaming discord_utils@1 to /home/man37/.config/discord/0.0.102/modules/pending/discord_utils-1.zip: 58%
7/19/2025, 10:20:58 PM GMT+5:30 [Modules] Streaming discord_utils@1 to /home/man37/.config/discord/0.0.102/modules/pending/discord_utils-1.zip: 59%
7/19/2025, 10:20:58 PM GMT+5:30 [Modules] Streaming discord_utils@1 to /home/man37/.config/discord/0.0.102/modules/pending/discord_utils-1.zip: 61%
7/19/2025, 10:20:58 PM GMT+5:30 [Modules] Streaming discord_utils@1 to /home/man37/.config/discord/0.0.102/modules/pending/discord_utils-1.zip: 62%
7/19/2025, 10:20:58 PM GMT+5:30 [Modules] Streaming discord_utils@1 to /home/man37/.config/discord/0.0.102/modules/pending/discord_utils-1.zip: 63%
7/19/2025, 10:20:58 PM GMT+5:30 [Modules] Streaming discord_utils@1 to /home/man37/.config/discord/0.0.102/modules/pending/discord_utils-1.zip: 65%
7/19/2025, 10:20:58 PM GMT+5:30 [Modules] Streaming discord_utils@1 to /home/man37/.config/discord/0.0.102/modules/pending/discord_utils-1.zip: 66%
7/19/2025, 10:20:58 PM GMT+5:30 [Modules] Streaming discord_utils@1 to /home/man37/.config/discord/0.0.102/modules/pending/discord_utils-1.zip: 67%
7/19/2025, 10:20:58 PM GMT+5:30 [Modules] Streaming discord_utils@1 to /home/man37/.config/discord/0.0.102/modules/pending/discord_utils-1.zip: 68%
7/19/2025, 10:20:58 PM GMT+5:30 [Modules] Streaming discord_utils@1 to /home/man37/.config/discord/0.0.102/modules/pending/discord_utils-1.zip: 70%
7/19/2025, 10:20:58 PM GMT+5:30 [Modules] Streaming discord_utils@1 to /home/man37/.config/discord/0.0.102/modules/pending/discord_utils-1.zip: 71%
7/19/2025, 10:20:58 PM GMT+5:30 [Modules] Streaming discord_utils@1 to /home/man37/.config/discord/0.0.102/modules/pending/discord_utils-1.zip: 72%
7/19/2025, 10:20:58 PM GMT+5:30 [Modules] Streaming discord_utils@1 to /home/man37/.config/discord/0.0.102/modules/pending/discord_utils-1.zip: 74%
7/19/2025, 10:20:58 PM GMT+5:30 [Modules] Streaming discord_utils@1 to /home/man37/.config/discord/0.0.102/modules/pending/discord_utils-1.zip: 75%
7/19/2025, 10:20:58 PM GMT+5:30 [Modules] Streaming discord_utils@1 to /home/man37/.config/discord/0.0.102/modules/pending/discord_utils-1.zip: 76%
7/19/2025, 10:20:58 PM GMT+5:30 [Modules] Streaming discord_utils@1 to /home/man37/.config/discord/0.0.102/modules/pending/discord_utils-1.zip: 77%
7/19/2025, 10:20:58 PM GMT+5:30 [Modules] Streaming discord_utils@1 to /home/man37/.config/discord/0.0.102/modules/pending/discord_utils-1.zip: 78%
7/19/2025, 10:20:58 PM GMT+5:30 [Modules] Streaming discord_utils@1 to /home/man37/.config/discord/0.0.102/modules/pending/discord_utils-1.zip: 80%
7/19/2025, 10:20:58 PM GMT+5:30 [Modules] Streaming discord_utils@1 to /home/man37/.config/discord/0.0.102/modules/pending/discord_utils-1.zip: 81%
7/19/2025, 10:20:58 PM GMT+5:30 [Modules] Streaming discord_utils@1 to /home/man37/.config/discord/0.0.102/modules/pending/discord_utils-1.zip: 83%
7/19/2025, 10:20:58 PM GMT+5:30 [Modules] Streaming discord_utils@1 to /home/man37/.config/discord/0.0.102/modules/pending/discord_utils-1.zip: 84%
7/19/2025, 10:20:58 PM GMT+5:30 [Modules] Streaming discord_utils@1 to /home/man37/.config/discord/0.0.102/modules/pending/discord_utils-1.zip: 85%
7/19/2025, 10:20:58 PM GMT+5:30 [Modules] Streaming discord_utils@1 to /home/man37/.config/discord/0.0.102/modules/pending/discord_utils-1.zip: 86%
7/19/2025, 10:20:58 PM GMT+5:30 [Modules] Streaming discord_utils@1 to /home/man37/.config/discord/0.0.102/modules/pending/discord_utils-1.zip: 87%
7/19/2025, 10:20:58 PM GMT+5:30 [Modules] Streaming discord_utils@1 to /home/man37/.config/discord/0.0.102/modules/pending/discord_utils-1.zip: 88%
7/19/2025, 10:20:58 PM GMT+5:30 [Modules] Streaming discord_utils@1 to /home/man37/.config/discord/0.0.102/modules/pending/discord_utils-1.zip: 89%
7/19/2025, 10:20:58 PM GMT+5:30 [Modules] Streaming discord_utils@1 to /home/man37/.config/discord/0.0.102/modules/pending/discord_utils-1.zip: 90%
7/19/2025, 10:20:58 PM GMT+5:30 [Modules] Streaming discord_utils@1 to /home/man37/.config/discord/0.0.102/modules/pending/discord_utils-1.zip: 91%
7/19/2025, 10:20:58 PM GMT+5:30 [Modules] Streaming discord_utils@1 to /home/man37/.config/discord/0.0.102/modules/pending/discord_utils-1.zip: 93%
7/19/2025, 10:20:58 PM GMT+5:30 [Modules] Streaming discord_utils@1 to /home/man37/.config/discord/0.0.102/modules/pending/discord_utils-1.zip: 94%
7/19/2025, 10:20:58 PM GMT+5:30 [Modules] Streaming discord_utils@1 to /home/man37/.config/discord/0.0.102/modules/pending/discord_utils-1.zip: 95%
7/19/2025, 10:20:58 PM GMT+5:30 [Modules] Streaming discord_utils@1 to /home/man37/.config/discord/0.0.102/modules/pending/discord_utils-1.zip: 97%
7/19/2025, 10:20:58 PM GMT+5:30 [Modules] Streaming discord_utils@1 to /home/man37/.config/discord/0.0.102/modules/pending/discord_utils-1.zip: 98%
7/19/2025, 10:20:58 PM GMT+5:30 [Modules] Streaming discord_utils@1 to /home/man37/.config/discord/0.0.102/modules/pending/discord_utils-1.zip: 99%
7/19/2025, 10:20:58 PM GMT+5:30 [Modules] Streaming discord_utils@1 to /home/man37/.config/discord/0.0.102/modules/pending/discord_utils-1.zip: 100%
7/19/2025, 10:20:58 PM GMT+5:30 [Modules] Fetching discord_voice@1 from https://discord.com/api/modules/stable/discord_voice/1
7/19/2025, 10:20:58 PM GMT+5:30 [Modules] Streaming discord_voice@1 to /home/man37/.config/discord/0.0.102/modules/pending/discord_voice-1.zip
7/19/2025, 10:20:59 PM GMT+5:30 [Modules] Streaming discord_voice@1 to /home/man37/.config/discord/0.0.102/modules/pending/discord_voice-1.zip: 1%
7/19/2025, 10:20:59 PM GMT+5:30 [Modules] Streaming discord_voice@1 to /home/man37/.config/discord/0.0.102/modules/pending/discord_voice-1.zip: 2%
7/19/2025, 10:20:59 PM GMT+5:30 [Modules] Streaming discord_voice@1 to /home/man37/.config/discord/0.0.102/modules/pending/discord_voice-1.zip: 3%
7/19/2025, 10:20:59 PM GMT+5:30 [Modules] Streaming discord_voice@1 to /home/man37/.config/discord/0.0.102/modules/pending/discord_voice-1.zip: 4%
7/19/2025, 10:20:59 PM GMT+5:30 [Modules] Streaming discord_voice@1 to /home/man37/.config/discord/0.0.102/modules/pending/discord_voice-1.zip: 5%
7/19/2025, 10:20:59 PM GMT+5:30 [Modules] Streaming discord_voice@1 to /home/man37/.config/discord/0.0.102/modules/pending/discord_voice-1.zip: 6%
7/19/2025, 10:20:59 PM GMT+5:30 [Modules] Streaming discord_voice@1 to /home/man37/.config/discord/0.0.102/modules/pending/discord_voice-1.zip: 7%
7/19/2025, 10:20:59 PM GMT+5:30 [Modules] Streaming discord_voice@1 to /home/man37/.config/discord/0.0.102/modules/pending/discord_voice-1.zip: 8%
7/19/2025, 10:20:59 PM GMT+5:30 [Modules] Streaming discord_voice@1 to /home/man37/.config/discord/0.0.102/modules/pending/discord_voice-1.zip: 9%
7/19/2025, 10:20:59 PM GMT+5:30 [Modules] Streaming discord_voice@1 to /home/man37/.config/discord/0.0.102/modules/pending/discord_voice-1.zip: 10%
7/19/2025, 10:20:59 PM GMT+5:30 [Modules] Streaming discord_voice@1 to /home/man37/.config/discord/0.0.102/modules/pending/discord_voice-1.zip: 11%
7/19/2025, 10:20:59 PM GMT+5:30 [Modules] Streaming discord_voice@1 to /home/man37/.config/discord/0.0.102/modules/pending/discord_voice-1.zip: 12%
7/19/2025, 10:20:59 PM GMT+5:30 [Modules] Streaming discord_voice@1 to /home/man37/.config/discord/0.0.102/modules/pending/discord_voice-1.zip: 13%
7/19/2025, 10:20:59 PM GMT+5:30 [Modules] Streaming discord_voice@1 to /home/man37/.config/discord/0.0.102/modules/pending/discord_voice-1.zip: 14%
7/19/2025, 10:20:59 PM GMT+5:30 [Modules] Streaming discord_voice@1 to /home/man37/.config/discord/0.0.102/modules/pending/discord_voice-1.zip: 15%
7/19/2025, 10:20:59 PM GMT+5:30 [Modules] Streaming discord_voice@1 to /home/man37/.config/discord/0.0.102/modules/pending/discord_voice-1.zip: 16%
7/19/2025, 10:20:59 PM GMT+5:30 [Modules] Streaming discord_voice@1 to /home/man37/.config/discord/0.0.102/modules/pending/discord_voice-1.zip: 17%
7/19/2025, 10:20:59 PM GMT+5:30 [Modules] Streaming discord_voice@1 to /home/man37/.config/discord/0.0.102/modules/pending/discord_voice-1.zip: 18%
7/19/2025, 10:20:59 PM GMT+5:30 [Modules] Streaming discord_voice@1 to /home/man37/.config/discord/0.0.102/modules/pending/discord_voice-1.zip: 19%
7/19/2025, 10:20:59 PM GMT+5:30 [Modules] Streaming discord_voice@1 to /home/man37/.config/discord/0.0.102/modules/pending/discord_voice-1.zip: 20%
7/19/2025, 10:20:59 PM GMT+5:30 [Modules] Streaming discord_voice@1 to /home/man37/.config/discord/0.0.102/modules/pending/discord_voice-1.zip: 21%
7/19/2025, 10:20:59 PM GMT+5:30 [Modules] Streaming discord_voice@1 to /home/man37/.config/discord/0.0.102/modules/pending/discord_voice-1.zip: 22%
7/19/2025, 10:20:59 PM GMT+5:30 [Modules] Streaming discord_voice@1 to /home/man37/.config/discord/0.0.102/modules/pending/discord_voice-1.zip: 23%
7/19/2025, 10:20:59 PM GMT+5:30 [Modules] Streaming discord_voice@1 to /home/man37/.config/discord/0.0.102/modules/pending/discord_voice-1.zip: 24%
7/19/2025, 10:20:59 PM GMT+5:30 [Modules] Streaming discord_voice@1 to /home/man37/.config/discord/0.0.102/modules/pending/discord_voice-1.zip: 25%
7/19/2025, 10:20:59 PM GMT+5:30 [Modules] Streaming discord_voice@1 to /home/man37/.config/discord/0.0.102/modules/pending/discord_voice-1.zip: 26%
7/19/2025, 10:20:59 PM GMT+5:30 [Modules] Streaming discord_voice@1 to /home/man37/.config/discord/0.0.102/modules/pending/discord_voice-1.zip: 27%
7/19/2025, 10:20:59 PM GMT+5:30 [Modules] Streaming discord_voice@1 to /home/man37/.config/discord/0.0.102/modules/pending/discord_voice-1.zip: 28%
7/19/2025, 10:20:59 PM GMT+5:30 [Modules] Streaming discord_voice@1 to /home/man37/.config/discord/0.0.102/modules/pending/discord_voice-1.zip: 29%
7/19/2025, 10:20:59 PM GMT+5:30 [Modules] Streaming discord_voice@1 to /home/man37/.config/discord/0.0.102/modules/pending/discord_voice-1.zip: 30%
7/19/2025, 10:20:59 PM GMT+5:30 [Modules] Streaming discord_voice@1 to /home/man37/.config/discord/0.0.102/modules/pending/discord_voice-1.zip: 31%
7/19/2025, 10:20:59 PM GMT+5:30 [Modules] Streaming discord_voice@1 to /home/man37/.config/discord/0.0.102/modules/pending/discord_voice-1.zip: 32%
7/19/2025, 10:20:59 PM GMT+5:30 [Modules] Streaming discord_voice@1 to /home/man37/.config/discord/0.0.102/modules/pending/discord_voice-1.zip: 33%
7/19/2025, 10:20:59 PM GMT+5:30 [Modules] Streaming discord_voice@1 to /home/man37/.config/discord/0.0.102/modules/pending/discord_voice-1.zip: 34%
7/19/2025, 10:20:59 PM GMT+5:30 [Modules] Streaming discord_voice@1 to /home/man37/.config/discord/0.0.102/modules/pending/discord_voice-1.zip: 35%
7/19/2025, 10:20:59 PM GMT+5:30 [Modules] Streaming discord_voice@1 to /home/man37/.config/discord/0.0.102/modules/pending/discord_voice-1.zip: 36%
7/19/2025, 10:20:59 PM GMT+5:30 [Modules] Streaming discord_voice@1 to /home/man37/.config/discord/0.0.102/modules/pending/discord_voice-1.zip: 37%
7/19/2025, 10:20:59 PM GMT+5:30 [Modules] Streaming discord_voice@1 to /home/man37/.config/discord/0.0.102/modules/pending/discord_voice-1.zip: 38%
7/19/2025, 10:20:59 PM GMT+5:30 [Modules] Streaming discord_voice@1 to /home/man37/.config/discord/0.0.102/modules/pending/discord_voice-1.zip: 39%
7/19/2025, 10:20:59 PM GMT+5:30 [Modules] Streaming discord_voice@1 to /home/man37/.config/discord/0.0.102/modules/pending/discord_voice-1.zip: 40%
7/19/2025, 10:20:59 PM GMT+5:30 [Modules] Streaming discord_voice@1 to /home/man37/.config/discord/0.0.102/modules/pending/discord_voice-1.zip: 41%
7/19/2025, 10:20:59 PM GMT+5:30 [Modules] Streaming discord_voice@1 to /home/man37/.config/discord/0.0.102/modules/pending/discord_voice-1.zip: 42%
7/19/2025, 10:21:00 PM GMT+5:30 [Modules] Streaming discord_voice@1 to /home/man37/.config/discord/0.0.102/modules/pending/discord_voice-1.zip: 43%
7/19/2025, 10:21:00 PM GMT+5:30 [Modules] Streaming discord_voice@1 to /home/man37/.config/discord/0.0.102/modules/pending/discord_voice-1.zip: 44%
7/19/2025, 10:21:00 PM GMT+5:30 [Modules] Streaming discord_voice@1 to /home/man37/.config/discord/0.0.102/modules/pending/discord_voice-1.zip: 45%
7/19/2025, 10:21:00 PM GMT+5:30 [Modules] Streaming discord_voice@1 to /home/man37/.config/discord/0.0.102/modules/pending/discord_voice-1.zip: 46%
7/19/2025, 10:21:00 PM GMT+5:30 [Modules] Streaming discord_voice@1 to /home/man37/.config/discord/0.0.102/modules/pending/discord_voice-1.zip: 47%
7/19/2025, 10:21:00 PM GMT+5:30 [Modules] Streaming discord_voice@1 to /home/man37/.config/discord/0.0.102/modules/pending/discord_voice-1.zip: 48%
7/19/2025, 10:21:00 PM GMT+5:30 [Modules] Streaming discord_voice@1 to /home/man37/.config/discord/0.0.102/modules/pending/discord_voice-1.zip: 49%
7/19/2025, 10:21:00 PM GMT+5:30 [Modules] Streaming discord_voice@1 to /home/man37/.config/discord/0.0.102/modules/pending/discord_voice-1.zip: 50%
7/19/2025, 10:21:00 PM GMT+5:30 [Modules] Streaming discord_voice@1 to /home/man37/.config/discord/0.0.102/modules/pending/discord_voice-1.zip: 51%
7/19/2025, 10:21:00 PM GMT+5:30 [Modules] Streaming discord_voice@1 to /home/man37/.config/discord/0.0.102/modules/pending/discord_voice-1.zip: 52%
7/19/2025, 10:21:00 PM GMT+5:30 [Modules] Streaming discord_voice@1 to /home/man37/.config/discord/0.0.102/modules/pending/discord_voice-1.zip: 53%
7/19/2025, 10:21:00 PM GMT+5:30 [Modules] Streaming discord_voice@1 to /home/man37/.config/discord/0.0.102/modules/pending/discord_voice-1.zip: 54%
7/19/2025, 10:21:00 PM GMT+5:30 [Modules] Streaming discord_voice@1 to /home/man37/.config/discord/0.0.102/modules/pending/discord_voice-1.zip: 55%
7/19/2025, 10:21:00 PM GMT+5:30 [Modules] Streaming discord_voice@1 to /home/man37/.config/discord/0.0.102/modules/pending/discord_voice-1.zip: 56%
7/19/2025, 10:21:00 PM GMT+5:30 [Modules] Streaming discord_voice@1 to /home/man37/.config/discord/0.0.102/modules/pending/discord_voice-1.zip: 57%
7/19/2025, 10:21:00 PM GMT+5:30 [Modules] Streaming discord_voice@1 to /home/man37/.config/discord/0.0.102/modules/pending/discord_voice-1.zip: 58%
7/19/2025, 10:21:00 PM GMT+5:30 [Modules] Streaming discord_voice@1 to /home/man37/.config/discord/0.0.102/modules/pending/discord_voice-1.zip: 59%
7/19/2025, 10:21:00 PM GMT+5:30 [Modules] Streaming discord_voice@1 to /home/man37/.config/discord/0.0.102/modules/pending/discord_voice-1.zip: 60%
7/19/2025, 10:21:00 PM GMT+5:30 [Modules] Streaming discord_voice@1 to /home/man37/.config/discord/0.0.102/modules/pending/discord_voice-1.zip: 61%
7/19/2025, 10:21:00 PM GMT+5:30 [Modules] Streaming discord_voice@1 to /home/man37/.config/discord/0.0.102/modules/pending/discord_voice-1.zip: 62%
7/19/2025, 10:21:00 PM GMT+5:30 [Modules] Streaming discord_voice@1 to /home/man37/.config/discord/0.0.102/modules/pending/discord_voice-1.zip: 63%
7/19/2025, 10:21:00 PM GMT+5:30 [Modules] Streaming discord_voice@1 to /home/man37/.config/discord/0.0.102/modules/pending/discord_voice-1.zip: 64%
7/19/2025, 10:21:00 PM GMT+5:30 [Modules] Streaming discord_voice@1 to /home/man37/.config/discord/0.0.102/modules/pending/discord_voice-1.zip: 65%
7/19/2025, 10:21:00 PM GMT+5:30 [Modules] Streaming discord_voice@1 to /home/man37/.config/discord/0.0.102/modules/pending/discord_voice-1.zip: 66%
7/19/2025, 10:21:00 PM GMT+5:30 [Modules] Streaming discord_voice@1 to /home/man37/.config/discord/0.0.102/modules/pending/discord_voice-1.zip: 67%
7/19/2025, 10:21:01 PM GMT+5:30 [Modules] Streaming discord_voice@1 to /home/man37/.config/discord/0.0.102/modules/pending/discord_voice-1.zip: 68%
7/19/2025, 10:21:01 PM GMT+5:30 [Modules] Streaming discord_voice@1 to /home/man37/.config/discord/0.0.102/modules/pending/discord_voice-1.zip: 69%
7/19/2025, 10:21:01 PM GMT+5:30 [Modules] Streaming discord_voice@1 to /home/man37/.config/discord/0.0.102/modules/pending/discord_voice-1.zip: 70%
7/19/2025, 10:21:01 PM GMT+5:30 [Modules] Streaming discord_voice@1 to /home/man37/.config/discord/0.0.102/modules/pending/discord_voice-1.zip: 71%
7/19/2025, 10:21:01 PM GMT+5:30 [Modules] Streaming discord_voice@1 to /home/man37/.config/discord/0.0.102/modules/pending/discord_voice-1.zip: 72%
7/19/2025, 10:21:01 PM GMT+5:30 [Modules] Streaming discord_voice@1 to /home/man37/.config/discord/0.0.102/modules/pending/discord_voice-1.zip: 73%
7/19/2025, 10:21:01 PM GMT+5:30 [Modules] Streaming discord_voice@1 to /home/man37/.config/discord/0.0.102/modules/pending/discord_voice-1.zip: 74%
7/19/2025, 10:21:01 PM GMT+5:30 [Modules] Streaming discord_voice@1 to /home/man37/.config/discord/0.0.102/modules/pending/discord_voice-1.zip: 75%
7/19/2025, 10:21:01 PM GMT+5:30 [Modules] Streaming discord_voice@1 to /home/man37/.config/discord/0.0.102/modules/pending/discord_voice-1.zip: 76%
7/19/2025, 10:21:01 PM GMT+5:30 [Modules] Streaming discord_voice@1 to /home/man37/.config/discord/0.0.102/modules/pending/discord_voice-1.zip: 77%
7/19/2025, 10:21:01 PM GMT+5:30 [Modules] Streaming discord_voice@1 to /home/man37/.config/discord/0.0.102/modules/pending/discord_voice-1.zip: 78%
7/19/2025, 10:21:01 PM GMT+5:30 [Modules] Streaming discord_voice@1 to /home/man37/.config/discord/0.0.102/modules/pending/discord_voice-1.zip: 79%
7/19/2025, 10:21:01 PM GMT+5:30 [Modules] Streaming discord_voice@1 to /home/man37/.config/discord/0.0.102/modules/pending/discord_voice-1.zip: 80%
7/19/2025, 10:21:01 PM GMT+5:30 [Modules] Streaming discord_voice@1 to /home/man37/.config/discord/0.0.102/modules/pending/discord_voice-1.zip: 81%
7/19/2025, 10:21:01 PM GMT+5:30 [Modules] Streaming discord_voice@1 to /home/man37/.config/discord/0.0.102/modules/pending/discord_voice-1.zip: 82%
7/19/2025, 10:21:01 PM GMT+5:30 [Modules] Streaming discord_voice@1 to /home/man37/.config/discord/0.0.102/modules/pending/discord_voice-1.zip: 83%
7/19/2025, 10:21:01 PM GMT+5:30 [Modules] Streaming discord_voice@1 to /home/man37/.config/discord/0.0.102/modules/pending/discord_voice-1.zip: 84%
7/19/2025, 10:21:01 PM GMT+5:30 [Modules] Streaming discord_voice@1 to /home/man37/.config/discord/0.0.102/modules/pending/discord_voice-1.zip: 85%
7/19/2025, 10:21:01 PM GMT+5:30 [Modules] Streaming discord_voice@1 to /home/man37/.config/discord/0.0.102/modules/pending/discord_voice-1.zip: 86%
7/19/2025, 10:21:01 PM GMT+5:30 [Modules] Streaming discord_voice@1 to /home/man37/.config/discord/0.0.102/modules/pending/discord_voice-1.zip: 87%
7/19/2025, 10:21:01 PM GMT+5:30 [Modules] Streaming discord_voice@1 to /home/man37/.config/discord/0.0.102/modules/pending/discord_voice-1.zip: 88%
7/19/2025, 10:21:01 PM GMT+5:30 [Modules] Streaming discord_voice@1 to /home/man37/.config/discord/0.0.102/modules/pending/discord_voice-1.zip: 89%
7/19/2025, 10:21:01 PM GMT+5:30 [Modules] Streaming discord_voice@1 to /home/man37/.config/discord/0.0.102/modules/pending/discord_voice-1.zip: 90%
7/19/2025, 10:21:01 PM GMT+5:30 [Modules] Streaming discord_voice@1 to /home/man37/.config/discord/0.0.102/modules/pending/discord_voice-1.zip: 91%
7/19/2025, 10:21:01 PM GMT+5:30 [Modules] Streaming discord_voice@1 to /home/man37/.config/discord/0.0.102/modules/pending/discord_voice-1.zip: 92%
7/19/2025, 10:21:01 PM GMT+5:30 [Modules] Streaming discord_voice@1 to /home/man37/.config/discord/0.0.102/modules/pending/discord_voice-1.zip: 93%
7/19/2025, 10:21:01 PM GMT+5:30 [Modules] Streaming discord_voice@1 to /home/man37/.config/discord/0.0.102/modules/pending/discord_voice-1.zip: 94%
7/19/2025, 10:21:01 PM GMT+5:30 [Modules] Streaming discord_voice@1 to /home/man37/.config/discord/0.0.102/modules/pending/discord_voice-1.zip: 95%
7/19/2025, 10:21:01 PM GMT+5:30 [Modules] Streaming discord_voice@1 to /home/man37/.config/discord/0.0.102/modules/pending/discord_voice-1.zip: 96%
7/19/2025, 10:21:01 PM GMT+5:30 [Modules] Streaming discord_voice@1 to /home/man37/.config/discord/0.0.102/modules/pending/discord_voice-1.zip: 97%
7/19/2025, 10:21:01 PM GMT+5:30 [Modules] Streaming discord_voice@1 to /home/man37/.config/discord/0.0.102/modules/pending/discord_voice-1.zip: 98%
7/19/2025, 10:21:01 PM GMT+5:30 [Modules] Streaming discord_voice@1 to /home/man37/.config/discord/0.0.102/modules/pending/discord_voice-1.zip: 99%
7/19/2025, 10:21:01 PM GMT+5:30 [Modules] Streaming discord_voice@1 to /home/man37/.config/discord/0.0.102/modules/pending/discord_voice-1.zip: 100%
7/19/2025, 10:21:01 PM GMT+5:30 [Modules] Fetching discord_zstd@1 from https://discord.com/api/modules/stable/discord_zstd/1
7/19/2025, 10:21:01 PM GMT+5:30 [Modules] Streaming discord_zstd@1 to /home/man37/.config/discord/0.0.102/modules/pending/discord_zstd-1.zip
7/19/2025, 10:21:02 PM GMT+5:30 [Modules] Streaming discord_zstd@1 to /home/man37/.config/discord/0.0.102/modules/pending/discord_zstd-1.zip: 17%
7/19/2025, 10:21:02 PM GMT+5:30 [Modules] Streaming discord_zstd@1 to /home/man37/.config/discord/0.0.102/modules/pending/discord_zstd-1.zip: 38%
7/19/2025, 10:21:02 PM GMT+5:30 [Modules] Streaming discord_zstd@1 to /home/man37/.config/discord/0.0.102/modules/pending/discord_zstd-1.zip: 55%
7/19/2025, 10:21:02 PM GMT+5:30 [Modules] Streaming discord_zstd@1 to /home/man37/.config/discord/0.0.102/modules/pending/discord_zstd-1.zip: 77%
7/19/2025, 10:21:02 PM GMT+5:30 [Modules] Streaming discord_zstd@1 to /home/man37/.config/discord/0.0.102/modules/pending/discord_zstd-1.zip: 85%
7/19/2025, 10:21:02 PM GMT+5:30 [Modules] Streaming discord_zstd@1 to /home/man37/.config/discord/0.0.102/modules/pending/discord_zstd-1.zip: 100%
7/19/2025, 10:21:02 PM GMT+5:30 [Modules] Finished module downloads. [success: 6] [failure: 0]
7/19/2025, 10:21:02 PM GMT+5:30 [Modules] Installing updates...
7/19/2025, 10:21:02 PM GMT+5:30 [Modules] Installing discord_desktop_core@1 from /home/man37/.config/discord/0.0.102/modules/pending/discord_desktop_core-1.zip
7/19/2025, 10:21:02 PM GMT+5:30 [Modules] Installing discord_erlpack@1 from /home/man37/.config/discord/0.0.102/modules/pending/discord_erlpack-1.zip
7/19/2025, 10:21:02 PM GMT+5:30 [Modules] Installing discord_spellcheck@1 from /home/man37/.config/discord/0.0.102/modules/pending/discord_spellcheck-1.zip
7/19/2025, 10:21:04 PM GMT+5:30 [Modules] Installing discord_utils@1 from /home/man37/.config/discord/0.0.102/modules/pending/discord_utils-1.zip
7/19/2025, 10:21:04 PM GMT+5:30 [Modules] Installing discord_voice@1 from /home/man37/.config/discord/0.0.102/modules/pending/discord_voice-1.zip
7/19/2025, 10:21:05 PM GMT+5:30 [Modules] Installing discord_zstd@1 from /home/man37/.config/discord/0.0.102/modules/pending/discord_zstd-1.zip
7/19/2025, 10:21:05 PM GMT+5:30 [Modules] Finished module installations. [success: 6] [failure: 0]
7/19/2025, 10:21:05 PM GMT+5:30 [Modules] Checking for host updates.
7/19/2025, 10:21:05 PM GMT+5:30 [Modules] Host is up to date.
7/19/2025, 10:21:05 PM GMT+5:30 [Modules] Checking for module updates at https://discord.com/api/modules/stable/versions.json
7/19/2025, 10:21:05 PM GMT+5:30 [Modules] No module updates available.
7/19/2025, 10:21:08 PM GMT+5:30 [Modules] Starting to install discord_krisp...
7/19/2025, 10:21:08 PM GMT+5:30 [Modules] Fetching discord_krisp@1 from https://discord.com/api/modules/stable/discord_krisp/1
7/19/2025, 10:21:08 PM GMT+5:30 [Modules] Streaming discord_krisp@1 to /home/man37/.config/discord/0.0.102/modules/pending/discord_krisp-1.zip
7/19/2025, 10:21:08 PM GMT+5:30 [Modules] Starting to install discord_game_utils...
7/19/2025, 10:21:08 PM GMT+5:30 [Modules] Streaming discord_krisp@1 to /home/man37/.config/discord/0.0.102/modules/pending/discord_krisp-1.zip: 1%
7/19/2025, 10:21:08 PM GMT+5:30 [Modules] Streaming discord_krisp@1 to /home/man37/.config/discord/0.0.102/modules/pending/discord_krisp-1.zip: 2%
7/19/2025, 10:21:09 PM GMT+5:30 [Modules] Streaming discord_krisp@1 to /home/man37/.config/discord/0.0.102/modules/pending/discord_krisp-1.zip: 3%
7/19/2025, 10:21:09 PM GMT+5:30 [Modules] Streaming discord_krisp@1 to /home/man37/.config/discord/0.0.102/modules/pending/discord_krisp-1.zip: 4%
7/19/2025, 10:21:09 PM GMT+5:30 [Modules] Streaming discord_krisp@1 to /home/man37/.config/discord/0.0.102/modules/pending/discord_krisp-1.zip: 5%
7/19/2025, 10:21:09 PM GMT+5:30 [Modules] Streaming discord_krisp@1 to /home/man37/.config/discord/0.0.102/modules/pending/discord_krisp-1.zip: 6%
7/19/2025, 10:21:09 PM GMT+5:30 [Modules] Streaming discord_krisp@1 to /home/man37/.config/discord/0.0.102/modules/pending/discord_krisp-1.zip: 7%
7/19/2025, 10:21:09 PM GMT+5:30 [Modules] Streaming discord_krisp@1 to /home/man37/.config/discord/0.0.102/modules/pending/discord_krisp-1.zip: 8%
7/19/2025, 10:21:09 PM GMT+5:30 [Modules] Streaming discord_krisp@1 to /home/man37/.config/discord/0.0.102/modules/pending/discord_krisp-1.zip: 9%
7/19/2025, 10:21:09 PM GMT+5:30 [Modules] Streaming discord_krisp@1 to /home/man37/.config/discord/0.0.102/modules/pending/discord_krisp-1.zip: 10%
7/19/2025, 10:21:09 PM GMT+5:30 [Modules] Streaming discord_krisp@1 to /home/man37/.config/discord/0.0.102/modules/pending/discord_krisp-1.zip: 11%
7/19/2025, 10:21:09 PM GMT+5:30 [Modules] Streaming discord_krisp@1 to /home/man37/.config/discord/0.0.102/modules/pending/discord_krisp-1.zip: 12%
7/19/2025, 10:21:09 PM GMT+5:30 [Modules] Streaming discord_krisp@1 to /home/man37/.config/discord/0.0.102/modules/pending/discord_krisp-1.zip: 13%
7/19/2025, 10:21:09 PM GMT+5:30 [Modules] Streaming discord_krisp@1 to /home/man37/.config/discord/0.0.102/modules/pending/discord_krisp-1.zip: 14%
7/19/2025, 10:21:09 PM GMT+5:30 [Modules] Streaming discord_krisp@1 to /home/man37/.config/discord/0.0.102/modules/pending/discord_krisp-1.zip: 15%
7/19/2025, 10:21:09 PM GMT+5:30 [Modules] Streaming discord_krisp@1 to /home/man37/.config/discord/0.0.102/modules/pending/discord_krisp-1.zip: 16%
7/19/2025, 10:21:09 PM GMT+5:30 [Modules] Streaming discord_krisp@1 to /home/man37/.config/discord/0.0.102/modules/pending/discord_krisp-1.zip: 17%
7/19/2025, 10:21:09 PM GMT+5:30 [Modules] Streaming discord_krisp@1 to /home/man37/.config/discord/0.0.102/modules/pending/discord_krisp-1.zip: 18%
7/19/2025, 10:21:09 PM GMT+5:30 [Modules] Streaming discord_krisp@1 to /home/man37/.config/discord/0.0.102/modules/pending/discord_krisp-1.zip: 19%
7/19/2025, 10:21:09 PM GMT+5:30 [Modules] Streaming discord_krisp@1 to /home/man37/.config/discord/0.0.102/modules/pending/discord_krisp-1.zip: 20%
7/19/2025, 10:21:09 PM GMT+5:30 [Modules] Streaming discord_krisp@1 to /home/man37/.config/discord/0.0.102/modules/pending/discord_krisp-1.zip: 21%
7/19/2025, 10:21:09 PM GMT+5:30 [Modules] Streaming discord_krisp@1 to /home/man37/.config/discord/0.0.102/modules/pending/discord_krisp-1.zip: 22%
7/19/2025, 10:21:09 PM GMT+5:30 [Modules] Streaming discord_krisp@1 to /home/man37/.config/discord/0.0.102/modules/pending/discord_krisp-1.zip: 23%
7/19/2025, 10:21:09 PM GMT+5:30 [Modules] Streaming discord_krisp@1 to /home/man37/.config/discord/0.0.102/modules/pending/discord_krisp-1.zip: 24%
7/19/2025, 10:21:09 PM GMT+5:30 [Modules] Streaming discord_krisp@1 to /home/man37/.config/discord/0.0.102/modules/pending/discord_krisp-1.zip: 25%
7/19/2025, 10:21:09 PM GMT+5:30 [Modules] Streaming discord_krisp@1 to /home/man37/.config/discord/0.0.102/modules/pending/discord_krisp-1.zip: 26%
7/19/2025, 10:21:09 PM GMT+5:30 [Modules] Streaming discord_krisp@1 to /home/man37/.config/discord/0.0.102/modules/pending/discord_krisp-1.zip: 27%
7/19/2025, 10:21:09 PM GMT+5:30 [Modules] Streaming discord_krisp@1 to /home/man37/.config/discord/0.0.102/modules/pending/discord_krisp-1.zip: 28%
7/19/2025, 10:21:09 PM GMT+5:30 [Modules] Streaming discord_krisp@1 to /home/man37/.config/discord/0.0.102/modules/pending/discord_krisp-1.zip: 29%
7/19/2025, 10:21:09 PM GMT+5:30 [Modules] Streaming discord_krisp@1 to /home/man37/.config/discord/0.0.102/modules/pending/discord_krisp-1.zip: 30%
7/19/2025, 10:21:09 PM GMT+5:30 [Modules] Streaming discord_krisp@1 to /home/man37/.config/discord/0.0.102/modules/pending/discord_krisp-1.zip: 31%
7/19/2025, 10:21:09 PM GMT+5:30 [Modules] Streaming discord_krisp@1 to /home/man37/.config/discord/0.0.102/modules/pending/discord_krisp-1.zip: 32%
7/19/2025, 10:21:09 PM GMT+5:30 [Modules] Streaming discord_krisp@1 to /home/man37/.config/discord/0.0.102/modules/pending/discord_krisp-1.zip: 33%
7/19/2025, 10:21:09 PM GMT+5:30 [Modules] Streaming discord_krisp@1 to /home/man37/.config/discord/0.0.102/modules/pending/discord_krisp-1.zip: 34%
7/19/2025, 10:21:09 PM GMT+5:30 [Modules] Streaming discord_krisp@1 to /home/man37/.config/discord/0.0.102/modules/pending/discord_krisp-1.zip: 35%
7/19/2025, 10:21:09 PM GMT+5:30 [Modules] Streaming discord_krisp@1 to /home/man37/.config/discord/0.0.102/modules/pending/discord_krisp-1.zip: 36%
7/19/2025, 10:21:09 PM GMT+5:30 [Modules] Streaming discord_krisp@1 to /home/man37/.config/discord/0.0.102/modules/pending/discord_krisp-1.zip: 37%
7/19/2025, 10:21:09 PM GMT+5:30 [Modules] Streaming discord_krisp@1 to /home/man37/.config/discord/0.0.102/modules/pending/discord_krisp-1.zip: 38%
7/19/2025, 10:21:09 PM GMT+5:30 [Modules] Streaming discord_krisp@1 to /home/man37/.config/discord/0.0.102/modules/pending/discord_krisp-1.zip: 39%
7/19/2025, 10:21:09 PM GMT+5:30 [Modules] Streaming discord_krisp@1 to /home/man37/.config/discord/0.0.102/modules/pending/discord_krisp-1.zip: 40%
7/19/2025, 10:21:09 PM GMT+5:30 [Modules] Streaming discord_krisp@1 to /home/man37/.config/discord/0.0.102/modules/pending/discord_krisp-1.zip: 41%
7/19/2025, 10:21:09 PM GMT+5:30 [Modules] Streaming discord_krisp@1 to /home/man37/.config/discord/0.0.102/modules/pending/discord_krisp-1.zip: 42%
7/19/2025, 10:21:09 PM GMT+5:30 [Modules] Streaming discord_krisp@1 to /home/man37/.config/discord/0.0.102/modules/pending/discord_krisp-1.zip: 43%
7/19/2025, 10:21:09 PM GMT+5:30 [Modules] Streaming discord_krisp@1 to /home/man37/.config/discord/0.0.102/modules/pending/discord_krisp-1.zip: 44%
7/19/2025, 10:21:09 PM GMT+5:30 [Modules] Streaming discord_krisp@1 to /home/man37/.config/discord/0.0.102/modules/pending/discord_krisp-1.zip: 45%
7/19/2025, 10:21:09 PM GMT+5:30 [Modules] Streaming discord_krisp@1 to /home/man37/.config/discord/0.0.102/modules/pending/discord_krisp-1.zip: 46%
7/19/2025, 10:21:09 PM GMT+5:30 [Modules] Streaming discord_krisp@1 to /home/man37/.config/discord/0.0.102/modules/pending/discord_krisp-1.zip: 47%
7/19/2025, 10:21:09 PM GMT+5:30 [Modules] Streaming discord_krisp@1 to /home/man37/.config/discord/0.0.102/modules/pending/discord_krisp-1.zip: 48%
7/19/2025, 10:21:10 PM GMT+5:30 [Modules] Streaming discord_krisp@1 to /home/man37/.config/discord/0.0.102/modules/pending/discord_krisp-1.zip: 49%
7/19/2025, 10:21:10 PM GMT+5:30 [Modules] Streaming discord_krisp@1 to /home/man37/.config/discord/0.0.102/modules/pending/discord_krisp-1.zip: 50%
7/19/2025, 10:21:10 PM GMT+5:30 [Modules] Streaming discord_krisp@1 to /home/man37/.config/discord/0.0.102/modules/pending/discord_krisp-1.zip: 51%
7/19/2025, 10:21:10 PM GMT+5:30 [Modules] Streaming discord_krisp@1 to /home/man37/.config/discord/0.0.102/modules/pending/discord_krisp-1.zip: 52%
7/19/2025, 10:21:10 PM GMT+5:30 [Modules] Streaming discord_krisp@1 to /home/man37/.config/discord/0.0.102/modules/pending/discord_krisp-1.zip: 53%
7/19/2025, 10:21:10 PM GMT+5:30 [Modules] Streaming discord_krisp@1 to /home/man37/.config/discord/0.0.102/modules/pending/discord_krisp-1.zip: 54%
7/19/2025, 10:21:10 PM GMT+5:30 [Modules] Streaming discord_krisp@1 to /home/man37/.config/discord/0.0.102/modules/pending/discord_krisp-1.zip: 55%
7/19/2025, 10:21:10 PM GMT+5:30 [Modules] Streaming discord_krisp@1 to /home/man37/.config/discord/0.0.102/modules/pending/discord_krisp-1.zip: 56%
7/19/2025, 10:21:10 PM GMT+5:30 [Modules] Streaming discord_krisp@1 to /home/man37/.config/discord/0.0.102/modules/pending/discord_krisp-1.zip: 57%
7/19/2025, 10:21:10 PM GMT+5:30 [Modules] Streaming discord_krisp@1 to /home/man37/.config/discord/0.0.102/modules/pending/discord_krisp-1.zip: 58%
7/19/2025, 10:21:10 PM GMT+5:30 [Modules] Streaming discord_krisp@1 to /home/man37/.config/discord/0.0.102/modules/pending/discord_krisp-1.zip: 59%
7/19/2025, 10:21:10 PM GMT+5:30 [Modules] Streaming discord_krisp@1 to /home/man37/.config/discord/0.0.102/modules/pending/discord_krisp-1.zip: 60%
7/19/2025, 10:21:10 PM GMT+5:30 [Modules] Streaming discord_krisp@1 to /home/man37/.config/discord/0.0.102/modules/pending/discord_krisp-1.zip: 61%
7/19/2025, 10:21:10 PM GMT+5:30 [Modules] Streaming discord_krisp@1 to /home/man37/.config/discord/0.0.102/modules/pending/discord_krisp-1.zip: 62%
7/19/2025, 10:21:10 PM GMT+5:30 [Modules] Streaming discord_krisp@1 to /home/man37/.config/discord/0.0.102/modules/pending/discord_krisp-1.zip: 63%
7/19/2025, 10:21:10 PM GMT+5:30 [Modules] Streaming discord_krisp@1 to /home/man37/.config/discord/0.0.102/modules/pending/discord_krisp-1.zip: 64%
7/19/2025, 10:21:10 PM GMT+5:30 [Modules] Streaming discord_krisp@1 to /home/man37/.config/discord/0.0.102/modules/pending/discord_krisp-1.zip: 65%
7/19/2025, 10:21:10 PM GMT+5:30 [Modules] Streaming discord_krisp@1 to /home/man37/.config/discord/0.0.102/modules/pending/discord_krisp-1.zip: 66%
7/19/2025, 10:21:10 PM GMT+5:30 [Modules] Streaming discord_krisp@1 to /home/man37/.config/discord/0.0.102/modules/pending/discord_krisp-1.zip: 67%
7/19/2025, 10:21:10 PM GMT+5:30 [Modules] Streaming discord_krisp@1 to /home/man37/.config/discord/0.0.102/modules/pending/discord_krisp-1.zip: 68%
7/19/2025, 10:21:10 PM GMT+5:30 [Modules] Streaming discord_krisp@1 to /home/man37/.config/discord/0.0.102/modules/pending/discord_krisp-1.zip: 69%
7/19/2025, 10:21:10 PM GMT+5:30 [Modules] Streaming discord_krisp@1 to /home/man37/.config/discord/0.0.102/modules/pending/discord_krisp-1.zip: 70%
7/19/2025, 10:21:10 PM GMT+5:30 [Modules] Streaming discord_krisp@1 to /home/man37/.config/discord/0.0.102/modules/pending/discord_krisp-1.zip: 71%
7/19/2025, 10:21:10 PM GMT+5:30 [Modules] Streaming discord_krisp@1 to /home/man37/.config/discord/0.0.102/modules/pending/discord_krisp-1.zip: 72%
7/19/2025, 10:21:10 PM GMT+5:30 [Modules] Streaming discord_krisp@1 to /home/man37/.config/discord/0.0.102/modules/pending/discord_krisp-1.zip: 73%
7/19/2025, 10:21:10 PM GMT+5:30 [Modules] Streaming discord_krisp@1 to /home/man37/.config/discord/0.0.102/modules/pending/discord_krisp-1.zip: 74%
7/19/2025, 10:21:10 PM GMT+5:30 [Modules] Streaming discord_krisp@1 to /home/man37/.config/discord/0.0.102/modules/pending/discord_krisp-1.zip: 75%
7/19/2025, 10:21:11 PM GMT+5:30 [Modules] Streaming discord_krisp@1 to /home/man37/.config/discord/0.0.102/modules/pending/discord_krisp-1.zip: 76%
7/19/2025, 10:21:11 PM GMT+5:30 [Modules] Streaming discord_krisp@1 to /home/man37/.config/discord/0.0.102/modules/pending/discord_krisp-1.zip: 77%
7/19/2025, 10:21:11 PM GMT+5:30 [Modules] Streaming discord_krisp@1 to /home/man37/.config/discord/0.0.102/modules/pending/discord_krisp-1.zip: 78%
7/19/2025, 10:21:11 PM GMT+5:30 [Modules] Streaming discord_krisp@1 to /home/man37/.config/discord/0.0.102/modules/pending/discord_krisp-1.zip: 79%
7/19/2025, 10:21:11 PM GMT+5:30 [Modules] Streaming discord_krisp@1 to /home/man37/.config/discord/0.0.102/modules/pending/discord_krisp-1.zip: 80%
7/19/2025, 10:21:11 PM GMT+5:30 [Modules] Streaming discord_krisp@1 to /home/man37/.config/discord/0.0.102/modules/pending/discord_krisp-1.zip: 81%
7/19/2025, 10:21:11 PM GMT+5:30 [Modules] Streaming discord_krisp@1 to /home/man37/.config/discord/0.0.102/modules/pending/discord_krisp-1.zip: 82%
7/19/2025, 10:21:11 PM GMT+5:30 [Modules] Streaming discord_krisp@1 to /home/man37/.config/discord/0.0.102/modules/pending/discord_krisp-1.zip: 83%
7/19/2025, 10:21:11 PM GMT+5:30 [Modules] Streaming discord_krisp@1 to /home/man37/.config/discord/0.0.102/modules/pending/discord_krisp-1.zip: 84%
7/19/2025, 10:21:11 PM GMT+5:30 [Modules] Streaming discord_krisp@1 to /home/man37/.config/discord/0.0.102/modules/pending/discord_krisp-1.zip: 85%
7/19/2025, 10:21:11 PM GMT+5:30 [Modules] Streaming discord_krisp@1 to /home/man37/.config/discord/0.0.102/modules/pending/discord_krisp-1.zip: 86%
7/19/2025, 10:21:11 PM GMT+5:30 [Modules] Streaming discord_krisp@1 to /home/man37/.config/discord/0.0.102/modules/pending/discord_krisp-1.zip: 87%
7/19/2025, 10:21:11 PM GMT+5:30 [Modules] Streaming discord_krisp@1 to /home/man37/.config/discord/0.0.102/modules/pending/discord_krisp-1.zip: 88%
7/19/2025, 10:21:11 PM GMT+5:30 [Modules] Streaming discord_krisp@1 to /home/man37/.config/discord/0.0.102/modules/pending/discord_krisp-1.zip: 89%
7/19/2025, 10:21:11 PM GMT+5:30 [Modules] Streaming discord_krisp@1 to /home/man37/.config/discord/0.0.102/modules/pending/discord_krisp-1.zip: 90%
7/19/2025, 10:21:11 PM GMT+5:30 [Modules] Streaming discord_krisp@1 to /home/man37/.config/discord/0.0.102/modules/pending/discord_krisp-1.zip: 91%
7/19/2025, 10:21:11 PM GMT+5:30 [Modules] Streaming discord_krisp@1 to /home/man37/.config/discord/0.0.102/modules/pending/discord_krisp-1.zip: 92%
7/19/2025, 10:21:11 PM GMT+5:30 [Modules] Streaming discord_krisp@1 to /home/man37/.config/discord/0.0.102/modules/pending/discord_krisp-1.zip: 93%
7/19/2025, 10:21:11 PM GMT+5:30 [Modules] Streaming discord_krisp@1 to /home/man37/.config/discord/0.0.102/modules/pending/discord_krisp-1.zip: 94%
7/19/2025, 10:21:11 PM GMT+5:30 [Modules] Streaming discord_krisp@1 to /home/man37/.config/discord/0.0.102/modules/pending/discord_krisp-1.zip: 95%
7/19/2025, 10:21:11 PM GMT+5:30 [Modules] Streaming discord_krisp@1 to /home/man37/.config/discord/0.0.102/modules/pending/discord_krisp-1.zip: 96%
7/19/2025, 10:21:11 PM GMT+5:30 [Modules] Streaming discord_krisp@1 to /home/man37/.config/discord/0.0.102/modules/pending/discord_krisp-1.zip: 97%
7/19/2025, 10:21:11 PM GMT+5:30 [Modules] Starting to install discord_rpc...
7/19/2025, 10:21:11 PM GMT+5:30 [Modules] Streaming discord_krisp@1 to /home/man37/.config/discord/0.0.102/modules/pending/discord_krisp-1.zip: 98%
7/19/2025, 10:21:11 PM GMT+5:30 [Modules] Streaming discord_krisp@1 to /home/man37/.config/discord/0.0.102/modules/pending/discord_krisp-1.zip: 99%
7/19/2025, 10:21:11 PM GMT+5:30 [Modules] Streaming discord_krisp@1 to /home/man37/.config/discord/0.0.102/modules/pending/discord_krisp-1.zip: 100%
7/19/2025, 10:21:11 PM GMT+5:30 [Modules] Fetching discord_game_utils@1 from https://discord.com/api/modules/stable/discord_game_utils/1
7/19/2025, 10:21:11 PM GMT+5:30 [Modules] Streaming discord_game_utils@1 to /home/man37/.config/discord/0.0.102/modules/pending/discord_game_utils-1.zip
7/19/2025, 10:21:11 PM GMT+5:30 [Modules] Installing discord_krisp@1 from /home/man37/.config/discord/0.0.102/modules/pending/discord_krisp-1.zip
7/19/2025, 10:21:12 PM GMT+5:30 [Modules] Streaming discord_game_utils@1 to /home/man37/.config/discord/0.0.102/modules/pending/discord_game_utils-1.zip: 2%
7/19/2025, 10:21:12 PM GMT+5:30 [Modules] Streaming discord_game_utils@1 to /home/man37/.config/discord/0.0.102/modules/pending/discord_game_utils-1.zip: 4%
7/19/2025, 10:21:12 PM GMT+5:30 [Modules] Streaming discord_game_utils@1 to /home/man37/.config/discord/0.0.102/modules/pending/discord_game_utils-1.zip: 6%
7/19/2025, 10:21:12 PM GMT+5:30 [Modules] Streaming discord_game_utils@1 to /home/man37/.config/discord/0.0.102/modules/pending/discord_game_utils-1.zip: 8%
7/19/2025, 10:21:12 PM GMT+5:30 [Modules] Streaming discord_game_utils@1 to /home/man37/.config/discord/0.0.102/modules/pending/discord_game_utils-1.zip: 9%
7/19/2025, 10:21:12 PM GMT+5:30 [Modules] Streaming discord_game_utils@1 to /home/man37/.config/discord/0.0.102/modules/pending/discord_game_utils-1.zip: 10%
7/19/2025, 10:21:12 PM GMT+5:30 [Modules] Streaming discord_game_utils@1 to /home/man37/.config/discord/0.0.102/modules/pending/discord_game_utils-1.zip: 12%
7/19/2025, 10:21:12 PM GMT+5:30 [Modules] Streaming discord_game_utils@1 to /home/man37/.config/discord/0.0.102/modules/pending/discord_game_utils-1.zip: 13%
7/19/2025, 10:21:12 PM GMT+5:30 [Modules] Streaming discord_game_utils@1 to /home/man37/.config/discord/0.0.102/modules/pending/discord_game_utils-1.zip: 15%
7/19/2025, 10:21:12 PM GMT+5:30 [Modules] Streaming discord_game_utils@1 to /home/man37/.config/discord/0.0.102/modules/pending/discord_game_utils-1.zip: 16%
7/19/2025, 10:21:12 PM GMT+5:30 [Modules] Streaming discord_game_utils@1 to /home/man37/.config/discord/0.0.102/modules/pending/discord_game_utils-1.zip: 18%
7/19/2025, 10:21:12 PM GMT+5:30 [Modules] Streaming discord_game_utils@1 to /home/man37/.config/discord/0.0.102/modules/pending/discord_game_utils-1.zip: 19%
7/19/2025, 10:21:12 PM GMT+5:30 [Modules] Streaming discord_game_utils@1 to /home/man37/.config/discord/0.0.102/modules/pending/discord_game_utils-1.zip: 20%
7/19/2025, 10:21:12 PM GMT+5:30 [Modules] Streaming discord_game_utils@1 to /home/man37/.config/discord/0.0.102/modules/pending/discord_game_utils-1.zip: 21%
7/19/2025, 10:21:12 PM GMT+5:30 [Modules] Streaming discord_game_utils@1 to /home/man37/.config/discord/0.0.102/modules/pending/discord_game_utils-1.zip: 23%
7/19/2025, 10:21:12 PM GMT+5:30 [Modules] Streaming discord_game_utils@1 to /home/man37/.config/discord/0.0.102/modules/pending/discord_game_utils-1.zip: 25%
7/19/2025, 10:21:12 PM GMT+5:30 [Modules] Streaming discord_game_utils@1 to /home/man37/.config/discord/0.0.102/modules/pending/discord_game_utils-1.zip: 26%
7/19/2025, 10:21:12 PM GMT+5:30 [Modules] Streaming discord_game_utils@1 to /home/man37/.config/discord/0.0.102/modules/pending/discord_game_utils-1.zip: 27%
7/19/2025, 10:21:12 PM GMT+5:30 [Modules] Finished module installations. [success: 1] [failure: 0]
7/19/2025, 10:21:12 PM GMT+5:30 [Modules] Streaming discord_game_utils@1 to /home/man37/.config/discord/0.0.102/modules/pending/discord_game_utils-1.zip: 30%
7/19/2025, 10:21:12 PM GMT+5:30 [Modules] Streaming discord_game_utils@1 to /home/man37/.config/discord/0.0.102/modules/pending/discord_game_utils-1.zip: 32%
7/19/2025, 10:21:12 PM GMT+5:30 [Modules] Streaming discord_game_utils@1 to /home/man37/.config/discord/0.0.102/modules/pending/discord_game_utils-1.zip: 33%
7/19/2025, 10:21:12 PM GMT+5:30 [Modules] Streaming discord_game_utils@1 to /home/man37/.config/discord/0.0.102/modules/pending/discord_game_utils-1.zip: 36%
7/19/2025, 10:21:12 PM GMT+5:30 [Modules] Streaming discord_game_utils@1 to /home/man37/.config/discord/0.0.102/modules/pending/discord_game_utils-1.zip: 37%
7/19/2025, 10:21:12 PM GMT+5:30 [Modules] Streaming discord_game_utils@1 to /home/man37/.config/discord/0.0.102/modules/pending/discord_game_utils-1.zip: 38%
7/19/2025, 10:21:12 PM GMT+5:30 [Modules] Streaming discord_game_utils@1 to /home/man37/.config/discord/0.0.102/modules/pending/discord_game_utils-1.zip: 39%
7/19/2025, 10:21:12 PM GMT+5:30 [Modules] Streaming discord_game_utils@1 to /home/man37/.config/discord/0.0.102/modules/pending/discord_game_utils-1.zip: 40%
7/19/2025, 10:21:12 PM GMT+5:30 [Modules] Streaming discord_game_utils@1 to /home/man37/.config/discord/0.0.102/modules/pending/discord_game_utils-1.zip: 41%
7/19/2025, 10:21:12 PM GMT+5:30 [Modules] Streaming discord_game_utils@1 to /home/man37/.config/discord/0.0.102/modules/pending/discord_game_utils-1.zip: 42%
7/19/2025, 10:21:12 PM GMT+5:30 [Modules] Streaming discord_game_utils@1 to /home/man37/.config/discord/0.0.102/modules/pending/discord_game_utils-1.zip: 44%
7/19/2025, 10:21:12 PM GMT+5:30 [Modules] Streaming discord_game_utils@1 to /home/man37/.config/discord/0.0.102/modules/pending/discord_game_utils-1.zip: 45%
7/19/2025, 10:21:12 PM GMT+5:30 [Modules] Streaming discord_game_utils@1 to /home/man37/.config/discord/0.0.102/modules/pending/discord_game_utils-1.zip: 46%
7/19/2025, 10:21:12 PM GMT+5:30 [Modules] Streaming discord_game_utils@1 to /home/man37/.config/discord/0.0.102/modules/pending/discord_game_utils-1.zip: 48%
7/19/2025, 10:21:12 PM GMT+5:30 [Modules] Streaming discord_game_utils@1 to /home/man37/.config/discord/0.0.102/modules/pending/discord_game_utils-1.zip: 49%
7/19/2025, 10:21:12 PM GMT+5:30 [Modules] Streaming discord_game_utils@1 to /home/man37/.config/discord/0.0.102/modules/pending/discord_game_utils-1.zip: 51%
7/19/2025, 10:21:12 PM GMT+5:30 [Modules] Streaming discord_game_utils@1 to /home/man37/.config/discord/0.0.102/modules/pending/discord_game_utils-1.zip: 52%
7/19/2025, 10:21:12 PM GMT+5:30 [Modules] Streaming discord_game_utils@1 to /home/man37/.config/discord/0.0.102/modules/pending/discord_game_utils-1.zip: 54%
7/19/2025, 10:21:12 PM GMT+5:30 [Modules] Streaming discord_game_utils@1 to /home/man37/.config/discord/0.0.102/modules/pending/discord_game_utils-1.zip: 55%
7/19/2025, 10:21:12 PM GMT+5:30 [Modules] Streaming discord_game_utils@1 to /home/man37/.config/discord/0.0.102/modules/pending/discord_game_utils-1.zip: 56%
7/19/2025, 10:21:12 PM GMT+5:30 [Modules] Streaming discord_game_utils@1 to /home/man37/.config/discord/0.0.102/modules/pending/discord_game_utils-1.zip: 58%
7/19/2025, 10:21:12 PM GMT+5:30 [Modules] Streaming discord_game_utils@1 to /home/man37/.config/discord/0.0.102/modules/pending/discord_game_utils-1.zip: 59%
7/19/2025, 10:21:12 PM GMT+5:30 [Modules] Streaming discord_game_utils@1 to /home/man37/.config/discord/0.0.102/modules/pending/discord_game_utils-1.zip: 61%
7/19/2025, 10:21:12 PM GMT+5:30 [Modules] Streaming discord_game_utils@1 to /home/man37/.config/discord/0.0.102/modules/pending/discord_game_utils-1.zip: 62%
7/19/2025, 10:21:12 PM GMT+5:30 [Modules] Streaming discord_game_utils@1 to /home/man37/.config/discord/0.0.102/modules/pending/discord_game_utils-1.zip: 64%
7/19/2025, 10:21:12 PM GMT+5:30 [Modules] Streaming discord_game_utils@1 to /home/man37/.config/discord/0.0.102/modules/pending/discord_game_utils-1.zip: 66%
7/19/2025, 10:21:12 PM GMT+5:30 [Modules] Streaming discord_game_utils@1 to /home/man37/.config/discord/0.0.102/modules/pending/discord_game_utils-1.zip: 67%
7/19/2025, 10:21:12 PM GMT+5:30 [Modules] Streaming discord_game_utils@1 to /home/man37/.config/discord/0.0.102/modules/pending/discord_game_utils-1.zip: 69%
7/19/2025, 10:21:12 PM GMT+5:30 [Modules] Streaming discord_game_utils@1 to /home/man37/.config/discord/0.0.102/modules/pending/discord_game_utils-1.zip: 70%
7/19/2025, 10:21:12 PM GMT+5:30 [Modules] Streaming discord_game_utils@1 to /home/man37/.config/discord/0.0.102/modules/pending/discord_game_utils-1.zip: 71%
7/19/2025, 10:21:12 PM GMT+5:30 [Modules] Streaming discord_game_utils@1 to /home/man37/.config/discord/0.0.102/modules/pending/discord_game_utils-1.zip: 73%
7/19/2025, 10:21:12 PM GMT+5:30 [Modules] Streaming discord_game_utils@1 to /home/man37/.config/discord/0.0.102/modules/pending/discord_game_utils-1.zip: 74%
7/19/2025, 10:21:12 PM GMT+5:30 [Modules] Streaming discord_game_utils@1 to /home/man37/.config/discord/0.0.102/modules/pending/discord_game_utils-1.zip: 75%
7/19/2025, 10:21:12 PM GMT+5:30 [Modules] Streaming discord_game_utils@1 to /home/man37/.config/discord/0.0.102/modules/pending/discord_game_utils-1.zip: 76%
7/19/2025, 10:21:12 PM GMT+5:30 [Modules] Streaming discord_game_utils@1 to /home/man37/.config/discord/0.0.102/modules/pending/discord_game_utils-1.zip: 77%
7/19/2025, 10:21:12 PM GMT+5:30 [Modules] Streaming discord_game_utils@1 to /home/man37/.config/discord/0.0.102/modules/pending/discord_game_utils-1.zip: 78%
7/19/2025, 10:21:12 PM GMT+5:30 [Modules] Streaming discord_game_utils@1 to /home/man37/.config/discord/0.0.102/modules/pending/discord_game_utils-1.zip: 79%
7/19/2025, 10:21:12 PM GMT+5:30 [Modules] Streaming discord_game_utils@1 to /home/man37/.config/discord/0.0.102/modules/pending/discord_game_utils-1.zip: 81%
7/19/2025, 10:21:12 PM GMT+5:30 [Modules] Streaming discord_game_utils@1 to /home/man37/.config/discord/0.0.102/modules/pending/discord_game_utils-1.zip: 82%
7/19/2025, 10:21:12 PM GMT+5:30 [Modules] Streaming discord_game_utils@1 to /home/man37/.config/discord/0.0.102/modules/pending/discord_game_utils-1.zip: 84%
7/19/2025, 10:21:12 PM GMT+5:30 [Modules] Streaming discord_game_utils@1 to /home/man37/.config/discord/0.0.102/modules/pending/discord_game_utils-1.zip: 85%
7/19/2025, 10:21:12 PM GMT+5:30 [Modules] Streaming discord_game_utils@1 to /home/man37/.config/discord/0.0.102/modules/pending/discord_game_utils-1.zip: 87%
7/19/2025, 10:21:12 PM GMT+5:30 [Modules] Streaming discord_game_utils@1 to /home/man37/.config/discord/0.0.102/modules/pending/discord_game_utils-1.zip: 89%
7/19/2025, 10:21:12 PM GMT+5:30 [Modules] Streaming discord_game_utils@1 to /home/man37/.config/discord/0.0.102/modules/pending/discord_game_utils-1.zip: 90%
7/19/2025, 10:21:12 PM GMT+5:30 [Modules] Streaming discord_game_utils@1 to /home/man37/.config/discord/0.0.102/modules/pending/discord_game_utils-1.zip: 92%
7/19/2025, 10:21:12 PM GMT+5:30 [Modules] Streaming discord_game_utils@1 to /home/man37/.config/discord/0.0.102/modules/pending/discord_game_utils-1.zip: 93%
7/19/2025, 10:21:12 PM GMT+5:30 [Modules] Streaming discord_game_utils@1 to /home/man37/.config/discord/0.0.102/modules/pending/discord_game_utils-1.zip: 94%
7/19/2025, 10:21:12 PM GMT+5:30 [Modules] Streaming discord_game_utils@1 to /home/man37/.config/discord/0.0.102/modules/pending/discord_game_utils-1.zip: 96%
7/19/2025, 10:21:12 PM GMT+5:30 [Modules] Streaming discord_game_utils@1 to /home/man37/.config/discord/0.0.102/modules/pending/discord_game_utils-1.zip: 97%
7/19/2025, 10:21:12 PM GMT+5:30 [Modules] Streaming discord_game_utils@1 to /home/man37/.config/discord/0.0.102/modules/pending/discord_game_utils-1.zip: 100%
7/19/2025, 10:21:12 PM GMT+5:30 [Modules] Fetching discord_rpc@1 from https://discord.com/api/modules/stable/discord_rpc/1
7/19/2025, 10:21:12 PM GMT+5:30 [Modules] Streaming discord_rpc@1 to /home/man37/.config/discord/0.0.102/modules/pending/discord_rpc-1.zip
7/19/2025, 10:21:12 PM GMT+5:30 [Modules] Installing discord_game_utils@1 from /home/man37/.config/discord/0.0.102/modules/pending/discord_game_utils-1.zip
7/19/2025, 10:21:12 PM GMT+5:30 [Modules] Finished module installations. [success: 1] [failure: 0]
7/19/2025, 10:21:13 PM GMT+5:30 [Modules] Streaming discord_rpc@1 to /home/man37/.config/discord/0.0.102/modules/pending/discord_rpc-1.zip: 100%
7/19/2025, 10:21:13 PM GMT+5:30 [Modules] Finished module downloads. [success: 3] [failure: 0]
7/19/2025, 10:21:13 PM GMT+5:30 [Modules] Installing discord_rpc@1 from /home/man37/.config/discord/0.0.102/modules/pending/discord_rpc-1.zip
7/19/2025, 10:21:13 PM GMT+5:30 [Modules] Finished module installations. [success: 1] [failure: 0]
7/19/2025, 10:22:05 PM GMT+5:30 [Modules] Checking for host updates.
7/19/2025, 10:22:06 PM GMT+5:30 [Modules] Host is up to date.
7/19/2025, 10:22:06 PM GMT+5:30 [Modules] Checking for module updates at https://discord.com/api/modules/stable/versions.json
7/19/2025, 10:22:06 PM GMT+5:30 [Modules] No module updates available.
7/19/2025, 11:22:05 PM GMT+5:30 [Modules] Checking for host updates.
7/19/2025, 11:22:06 PM GMT+5:30 [Modules] Host is up to date.
7/19/2025, 11:22:06 PM GMT+5:30 [Modules] Checking for module updates at https://discord.com/api/modules/stable/versions.json
7/19/2025, 11:22:06 PM GMT+5:30 [Modules] No module updates available.
7/20/2025, 12:22:05 AM GMT+5:30 [Modules] Checking for host updates.
7/20/2025, 12:22:07 AM GMT+5:30 [Modules] Host is up to date.
7/20/2025, 12:22:07 AM GMT+5:30 [Modules] Checking for module updates at https://discord.com/api/modules/stable/versions.json
7/20/2025, 12:22:07 AM GMT+5:30 [Modules] No module updates available.
7/20/2025, 2:44:17 AM GMT+5:30 [Modules] Checking for host updates.
7/20/2025, 2:44:17 AM GMT+5:30 [Modules] Host is up to date.
7/20/2025, 2:44:17 AM GMT+5:30 [Modules] Checking for module updates at https://discord.com/api/modules/stable/versions.json
7/20/2025, 2:44:17 AM GMT+5:30 [Modules] No module updates available.
7/20/2025, 3:32:20 AM GMT+5:30 [Modules] Checking for host updates.
7/20/2025, 3:32:21 AM GMT+5:30 [Modules] Host is up to date.
7/20/2025, 3:32:21 AM GMT+5:30 [Modules] Checking for module updates at https://discord.com/api/modules/stable/versions.json
7/20/2025, 3:32:21 AM GMT+5:30 [Modules] No module updates available.
7/20/2025, 9:08:54 AM GMT+5:30 [Modules] Checking for host updates.
7/20/2025, 9:08:54 AM GMT+5:30 [Modules] Host is up to date.
7/20/2025, 9:08:54 AM GMT+5:30 [Modules] Checking for module updates at https://discord.com/api/modules/stable/versions.json
7/20/2025, 9:08:54 AM GMT+5:30 [Modules] No module updates available.
7/20/2025, 9:12:49 AM GMT+5:30 [Modules] Checking for host updates.
7/20/2025, 9:12:50 AM GMT+5:30 [Modules] Host is up to date.
7/20/2025, 9:12:50 AM GMT+5:30 [Modules] Checking for module updates at https://discord.com/api/modules/stable/versions.json
7/20/2025, 9:12:50 AM GMT+5:30 [Modules] No module updates available.
7/20/2025, 11:29:25 AM GMT+5:30 [Modules] Checking for host updates.
7/20/2025, 11:29:26 AM GMT+5:30 [Modules] Host is up to date.
7/20/2025, 11:29:26 AM GMT+5:30 [Modules] Checking for module updates at https://discord.com/api/modules/stable/versions.json
7/20/2025, 11:29:26 AM GMT+5:30 [Modules] No module updates available.
7/20/2025, 8:05:23 PM GMT+5:30 [Modules] Checking for host updates.
7/20/2025, 8:05:23 PM GMT+5:30 [Modules] Host is up to date.
7/20/2025, 8:05:23 PM GMT+5:30 [Modules] Checking for module updates at https://discord.com/api/modules/stable/versions.json
7/20/2025, 8:05:23 PM GMT+5:30 [Modules] No module updates available.
7/20/2025, 8:27:49 PM GMT+5:30 [Modules] Checking for host updates.
7/20/2025, 8:27:50 PM GMT+5:30 [Modules] Host is up to date.
7/20/2025, 8:27:50 PM GMT+5:30 [Modules] Checking for module updates at https://discord.com/api/modules/stable/versions.json
7/20/2025, 8:27:50 PM GMT+5:30 [Modules] No module updates available.
7/20/2025, 8:35:51 PM GMT+5:30 [Modules] Checking for host updates.
7/20/2025, 8:35:51 PM GMT+5:30 [Modules] Host is up to date.
7/20/2025, 8:35:51 PM GMT+5:30 [Modules] Checking for module updates at https://discord.com/api/modules/stable/versions.json
7/20/2025, 8:35:51 PM GMT+5:30 [Modules] No module updates available.
7/20/2025, 8:39:46 PM GMT+5:30 [Modules] Checking for host updates.
7/20/2025, 8:39:48 PM GMT+5:30 [Modules] Host is up to date.
7/20/2025, 8:39:48 PM GMT+5:30 [Modules] Checking for module updates at https://discord.com/api/modules/stable/versions.json
7/20/2025, 8:39:48 PM GMT+5:30 [Modules] No module updates available.
7/20/2025, 8:42:12 PM GMT+5:30 [Modules] Checking for host updates.
7/20/2025, 8:42:12 PM GMT+5:30 [Modules] Host is up to date.
7/20/2025, 8:42:12 PM GMT+5:30 [Modules] Checking for module updates at https://discord.com/api/modules/stable/versions.json
7/20/2025, 8:42:12 PM GMT+5:30 [Modules] No module updates available.
7/20/2025, 9:05:23 PM GMT+5:30 [Modules] Checking for host updates.
7/20/2025, 9:05:23 PM GMT+5:30 [Modules] Host is up to date.
7/20/2025, 9:05:23 PM GMT+5:30 [Modules] Checking for module updates at https://discord.com/api/modules/stable/versions.json
7/20/2025, 9:05:23 PM GMT+5:30 [Modules] No module updates available.
7/20/2025, 9:27:49 PM GMT+5:30 [Modules] Checking for host updates.
7/20/2025, 9:27:50 PM GMT+5:30 [Modules] Host is up to date.
7/20/2025, 9:27:50 PM GMT+5:30 [Modules] Checking for module updates at https://discord.com/api/modules/stable/versions.json
7/20/2025, 9:27:50 PM GMT+5:30 [Modules] No module updates available.
7/20/2025, 9:35:51 PM GMT+5:30 [Modules] Checking for host updates.
7/20/2025, 9:35:51 PM GMT+5:30 [Modules] Host is up to date.
7/20/2025, 9:35:51 PM GMT+5:30 [Modules] Checking for module updates at https://discord.com/api/modules/stable/versions.json
7/20/2025, 9:35:51 PM GMT+5:30 [Modules] No module updates available.
7/20/2025, 9:39:46 PM GMT+5:30 [Modules] Checking for host updates.
7/20/2025, 9:39:46 PM GMT+5:30 [Modules] Host is up to date.
7/20/2025, 9:39:46 PM GMT+5:30 [Modules] Checking for module updates at https://discord.com/api/modules/stable/versions.json
7/20/2025, 9:39:47 PM GMT+5:30 [Modules] No module updates available.
7/20/2025, 9:42:12 PM GMT+5:30 [Modules] Checking for host updates.
7/20/2025, 9:42:12 PM GMT+5:30 [Modules] Host is up to date.
7/20/2025, 9:42:12 PM GMT+5:30 [Modules] Checking for module updates at https://discord.com/api/modules/stable/versions.json
7/20/2025, 9:42:12 PM GMT+5:30 [Modules] No module updates available.
7/20/2025, 10:05:23 PM GMT+5:30 [Modules] Checking for host updates.
7/20/2025, 10:05:23 PM GMT+5:30 [Modules] Host is up to date.
7/20/2025, 10:05:23 PM GMT+5:30 [Modules] Checking for module updates at https://discord.com/api/modules/stable/versions.json
7/20/2025, 10:05:23 PM GMT+5:30 [Modules] No module updates available.
7/20/2025, 10:27:49 PM GMT+5:30 [Modules] Checking for host updates.
7/20/2025, 10:27:50 PM GMT+5:30 [Modules] Host is up to date.
7/20/2025, 10:27:50 PM GMT+5:30 [Modules] Checking for module updates at https://discord.com/api/modules/stable/versions.json
7/20/2025, 10:27:50 PM GMT+5:30 [Modules] No module updates available.
7/20/2025, 10:35:51 PM GMT+5:30 [Modules] Checking for host updates.
7/20/2025, 10:35:51 PM GMT+5:30 [Modules] Host is up to date.
7/20/2025, 10:35:51 PM GMT+5:30 [Modules] Checking for module updates at https://discord.com/api/modules/stable/versions.json
7/20/2025, 10:35:51 PM GMT+5:30 [Modules] No module updates available.
7/20/2025, 10:39:46 PM GMT+5:30 [Modules] Checking for host updates.
7/20/2025, 10:39:46 PM GMT+5:30 [Modules] Host is up to date.
7/20/2025, 10:39:46 PM GMT+5:30 [Modules] Checking for module updates at https://discord.com/api/modules/stable/versions.json
7/20/2025, 10:39:46 PM GMT+5:30 [Modules] No module updates available.
7/20/2025, 10:42:12 PM GMT+5:30 [Modules] Checking for host updates.
7/20/2025, 10:42:12 PM GMT+5:30 [Modules] Host is up to date.
7/20/2025, 10:42:12 PM GMT+5:30 [Modules] Checking for module updates at https://discord.com/api/modules/stable/versions.json
7/20/2025, 10:42:12 PM GMT+5:30 [Modules] No module updates available.
7/20/2025, 11:05:23 PM GMT+5:30 [Modules] Checking for host updates.
7/20/2025, 11:05:23 PM GMT+5:30 [Modules] Host is up to date.
7/20/2025, 11:05:23 PM GMT+5:30 [Modules] Checking for module updates at https://discord.com/api/modules/stable/versions.json
7/20/2025, 11:05:23 PM GMT+5:30 [Modules] No module updates available.
7/20/2025, 11:27:49 PM GMT+5:30 [Modules] Checking for host updates.
7/20/2025, 11:27:50 PM GMT+5:30 [Modules] Host is up to date.
7/20/2025, 11:27:50 PM GMT+5:30 [Modules] Checking for module updates at https://discord.com/api/modules/stable/versions.json
7/20/2025, 11:27:50 PM GMT+5:30 [Modules] No module updates available.
7/20/2025, 11:35:51 PM GMT+5:30 [Modules] Checking for host updates.
7/20/2025, 11:35:51 PM GMT+5:30 [Modules] Host is up to date.
7/20/2025, 11:35:51 PM GMT+5:30 [Modules] Checking for module updates at https://discord.com/api/modules/stable/versions.json
7/20/2025, 11:35:51 PM GMT+5:30 [Modules] No module updates available.
7/20/2025, 11:39:46 PM GMT+5:30 [Modules] Checking for host updates.
7/20/2025, 11:39:47 PM GMT+5:30 [Modules] Host is up to date.
7/20/2025, 11:39:47 PM GMT+5:30 [Modules] Checking for module updates at https://discord.com/api/modules/stable/versions.json
7/20/2025, 11:39:47 PM GMT+5:30 [Modules] No module updates available.
7/20/2025, 11:42:12 PM GMT+5:30 [Modules] Checking for host updates.
7/20/2025, 11:42:12 PM GMT+5:30 [Modules] Host is up to date.
7/20/2025, 11:42:12 PM GMT+5:30 [Modules] Checking for module updates at https://discord.com/api/modules/stable/versions.json
7/20/2025, 11:42:12 PM GMT+5:30 [Modules] No module updates available.
7/21/2025, 12:05:23 AM GMT+5:30 [Modules] Checking for host updates.
7/21/2025, 12:05:26 AM GMT+5:30 [Modules] Host is up to date.
7/21/2025, 12:05:26 AM GMT+5:30 [Modules] Checking for module updates at https://discord.com/api/modules/stable/versions.json
7/21/2025, 12:05:26 AM GMT+5:30 [Modules] No module updates available.
7/21/2025, 12:27:49 AM GMT+5:30 [Modules] Checking for host updates.
7/21/2025, 12:27:50 AM GMT+5:30 [Modules] Host is up to date.
7/21/2025, 12:27:50 AM GMT+5:30 [Modules] Checking for module updates at https://discord.com/api/modules/stable/versions.json
7/21/2025, 12:27:50 AM GMT+5:30 [Modules] No module updates available.
7/21/2025, 12:35:51 AM GMT+5:30 [Modules] Checking for host updates.
7/21/2025, 12:35:51 AM GMT+5:30 [Modules] Host is up to date.
7/21/2025, 12:35:51 AM GMT+5:30 [Modules] Checking for module updates at https://discord.com/api/modules/stable/versions.json
7/21/2025, 12:35:51 AM GMT+5:30 [Modules] No module updates available.
7/21/2025, 12:39:46 AM GMT+5:30 [Modules] Checking for host updates.
7/21/2025, 12:39:46 AM GMT+5:30 [Modules] Host is up to date.
7/21/2025, 12:39:46 AM GMT+5:30 [Modules] Checking for module updates at https://discord.com/api/modules/stable/versions.json
7/21/2025, 12:39:46 AM GMT+5:30 [Modules] No module updates available.
7/21/2025, 12:42:12 AM GMT+5:30 [Modules] Checking for host updates.
7/21/2025, 12:42:12 AM GMT+5:30 [Modules] Host is up to date.
7/21/2025, 12:42:12 AM GMT+5:30 [Modules] Checking for module updates at https://discord.com/api/modules/stable/versions.json
7/21/2025, 12:42:12 AM GMT+5:30 [Modules] No module updates available.
7/21/2025, 7:15:26 PM GMT+5:30 [Modules] Checking for host updates.
7/21/2025, 7:15:26 PM GMT+5:30 [Modules] Host is up to date.
7/21/2025, 7:15:26 PM GMT+5:30 [Modules] Checking for module updates at https://discord.com/api/modules/stable/versions.json
7/21/2025, 7:15:27 PM GMT+5:30 [Modules] No module updates available.
7/21/2025, 7:23:45 PM GMT+5:30 [Modules] Checking for host updates.
7/21/2025, 7:23:45 PM GMT+5:30 [Modules] Host is up to date.
7/21/2025, 7:23:45 PM GMT+5:30 [Modules] Checking for module updates at https://discord.com/api/modules/stable/versions.json
7/21/2025, 7:23:45 PM GMT+5:30 [Modules] No module updates available.
7/21/2025, 7:46:11 PM GMT+5:30 [Modules] Checking for host updates.
7/21/2025, 7:46:12 PM GMT+5:30 [Modules] Host is up to date.
7/21/2025, 7:46:12 PM GMT+5:30 [Modules] Checking for module updates at https://discord.com/api/modules/stable/versions.json
7/21/2025, 7:46:12 PM GMT+5:30 [Modules] No module updates available.
7/21/2025, 7:54:13 PM GMT+5:30 [Modules] Checking for host updates.
7/21/2025, 7:54:13 PM GMT+5:30 [Modules] Host is up to date.
7/21/2025, 7:54:13 PM GMT+5:30 [Modules] Checking for module updates at https://discord.com/api/modules/stable/versions.json
7/21/2025, 7:54:13 PM GMT+5:30 [Modules] No module updates available.
7/21/2025, 7:58:08 PM GMT+5:30 [Modules] Checking for host updates.
7/21/2025, 7:58:09 PM GMT+5:30 [Modules] Host is up to date.
7/21/2025, 7:58:09 PM GMT+5:30 [Modules] Checking for module updates at https://discord.com/api/modules/stable/versions.json
7/21/2025, 7:58:09 PM GMT+5:30 [Modules] No module updates available.
7/21/2025, 8:00:34 PM GMT+5:30 [Modules] Checking for host updates.
7/21/2025, 8:00:34 PM GMT+5:30 [Modules] Host is up to date.
7/21/2025, 8:00:34 PM GMT+5:30 [Modules] Checking for module updates at https://discord.com/api/modules/stable/versions.json
7/21/2025, 8:00:34 PM GMT+5:30 [Modules] No module updates available.
7/21/2025, 8:15:26 PM GMT+5:30 [Modules] Checking for host updates.
7/21/2025, 8:15:27 PM GMT+5:30 [Modules] Host is up to date.
7/21/2025, 8:15:27 PM GMT+5:30 [Modules] Checking for module updates at https://discord.com/api/modules/stable/versions.json
7/21/2025, 8:15:27 PM GMT+5:30 [Modules] No module updates available.
7/21/2025, 8:23:45 PM GMT+5:30 [Modules] Checking for host updates.
7/21/2025, 8:23:45 PM GMT+5:30 [Modules] Host is up to date.
7/21/2025, 8:23:45 PM GMT+5:30 [Modules] Checking for module updates at https://discord.com/api/modules/stable/versions.json
7/21/2025, 8:23:45 PM GMT+5:30 [Modules] No module updates available.
7/21/2025, 8:46:11 PM GMT+5:30 [Modules] Checking for host updates.
7/21/2025, 8:46:12 PM GMT+5:30 [Modules] Host is up to date.
7/21/2025, 8:46:12 PM GMT+5:30 [Modules] Checking for module updates at https://discord.com/api/modules/stable/versions.json
7/21/2025, 8:46:12 PM GMT+5:30 [Modules] No module updates available.
7/21/2025, 8:54:13 PM GMT+5:30 [Modules] Checking for host updates.
7/21/2025, 8:54:13 PM GMT+5:30 [Modules] Host is up to date.
7/21/2025, 8:54:13 PM GMT+5:30 [Modules] Checking for module updates at https://discord.com/api/modules/stable/versions.json
7/21/2025, 8:54:13 PM GMT+5:30 [Modules] No module updates available.
7/21/2025, 8:58:08 PM GMT+5:30 [Modules] Checking for host updates.
7/21/2025, 8:58:09 PM GMT+5:30 [Modules] Host is up to date.
7/21/2025, 8:58:09 PM GMT+5:30 [Modules] Checking for module updates at https://discord.com/api/modules/stable/versions.json
7/21/2025, 8:58:09 PM GMT+5:30 [Modules] No module updates available.
7/21/2025, 9:50:34 PM GMT+5:30 [Modules] Checking for host updates.
7/21/2025, 9:50:34 PM GMT+5:30 [Modules] Host is up to date.
7/21/2025, 9:50:34 PM GMT+5:30 [Modules] Checking for module updates at https://discord.com/api/modules/stable/versions.json
7/21/2025, 9:50:34 PM GMT+5:30 [Modules] No module updates available.
7/21/2025, 9:52:03 PM GMT+5:30 [Modules] Checking for host updates.
7/21/2025, 9:52:04 PM GMT+5:30 [Modules] Host is up to date.
7/21/2025, 9:52:04 PM GMT+5:30 [Modules] Checking for module updates at https://discord.com/api/modules/stable/versions.json
7/21/2025, 9:52:04 PM GMT+5:30 [Modules] No module updates available.
7/21/2025, 10:06:55 PM GMT+5:30 [Modules] Checking for host updates.
7/21/2025, 10:06:56 PM GMT+5:30 [Modules] Host is up to date.
7/21/2025, 10:06:56 PM GMT+5:30 [Modules] Checking for module updates at https://discord.com/api/modules/stable/versions.json
7/21/2025, 10:06:56 PM GMT+5:30 [Modules] No module updates available.
7/21/2025, 10:15:14 PM GMT+5:30 [Modules] Checking for host updates.
7/21/2025, 10:15:15 PM GMT+5:30 [Modules] Host is up to date.
7/21/2025, 10:15:15 PM GMT+5:30 [Modules] Checking for module updates at https://discord.com/api/modules/stable/versions.json
7/21/2025, 10:15:15 PM GMT+5:30 [Modules] No module updates available.
7/21/2025, 10:37:41 PM GMT+5:30 [Modules] Checking for host updates.
7/21/2025, 10:37:41 PM GMT+5:30 [Modules] Host is up to date.
7/21/2025, 10:37:41 PM GMT+5:30 [Modules] Checking for module updates at https://discord.com/api/modules/stable/versions.json
7/21/2025, 10:37:41 PM GMT+5:30 [Modules] No module updates available.
7/21/2025, 10:45:42 PM GMT+5:30 [Modules] Checking for host updates.
7/21/2025, 10:45:42 PM GMT+5:30 [Modules] Host is up to date.
7/21/2025, 10:45:42 PM GMT+5:30 [Modules] Checking for module updates at https://discord.com/api/modules/stable/versions.json
7/21/2025, 10:45:43 PM GMT+5:30 [Modules] No module updates available.
7/21/2025, 10:49:37 PM GMT+5:30 [Modules] Checking for host updates.
7/21/2025, 10:49:38 PM GMT+5:30 [Modules] Host is up to date.
7/21/2025, 10:49:38 PM GMT+5:30 [Modules] Checking for module updates at https://discord.com/api/modules/stable/versions.json
7/21/2025, 10:49:38 PM GMT+5:30 [Modules] No module updates available.
7/21/2025, 10:50:34 PM GMT+5:30 [Modules] Checking for host updates.
7/21/2025, 10:50:34 PM GMT+5:30 [Modules] Host is up to date.
7/21/2025, 10:50:34 PM GMT+5:30 [Modules] Checking for module updates at https://discord.com/api/modules/stable/versions.json
7/21/2025, 10:50:34 PM GMT+5:30 [Modules] No module updates available.
7/21/2025, 10:52:03 PM GMT+5:30 [Modules] Checking for host updates.
7/21/2025, 10:52:04 PM GMT+5:30 [Modules] Host is up to date.
7/21/2025, 10:52:04 PM GMT+5:30 [Modules] Checking for module updates at https://discord.com/api/modules/stable/versions.json
7/21/2025, 10:52:04 PM GMT+5:30 [Modules] No module updates available.
7/21/2025, 11:06:55 PM GMT+5:30 [Modules] Checking for host updates.
7/21/2025, 11:06:56 PM GMT+5:30 [Modules] Host is up to date.
7/21/2025, 11:06:56 PM GMT+5:30 [Modules] Checking for module updates at https://discord.com/api/modules/stable/versions.json
7/21/2025, 11:06:56 PM GMT+5:30 [Modules] No module updates available.
7/21/2025, 11:15:14 PM GMT+5:30 [Modules] Checking for host updates.
7/21/2025, 11:15:15 PM GMT+5:30 [Modules] Host is up to date.
7/21/2025, 11:15:15 PM GMT+5:30 [Modules] Checking for module updates at https://discord.com/api/modules/stable/versions.json
7/21/2025, 11:15:15 PM GMT+5:30 [Modules] No module updates available.
7/21/2025, 11:37:41 PM GMT+5:30 [Modules] Checking for host updates.
7/21/2025, 11:37:41 PM GMT+5:30 [Modules] Host is up to date.
7/21/2025, 11:37:41 PM GMT+5:30 [Modules] Checking for module updates at https://discord.com/api/modules/stable/versions.json
7/21/2025, 11:37:41 PM GMT+5:30 [Modules] No module updates available.
7/21/2025, 11:45:42 PM GMT+5:30 [Modules] Checking for host updates.
7/21/2025, 11:45:42 PM GMT+5:30 [Modules] Host is up to date.
7/21/2025, 11:45:42 PM GMT+5:30 [Modules] Checking for module updates at https://discord.com/api/modules/stable/versions.json
7/21/2025, 11:45:43 PM GMT+5:30 [Modules] No module updates available.
7/21/2025, 11:49:37 PM GMT+5:30 [Modules] Checking for host updates.
7/21/2025, 11:49:43 PM GMT+5:30 [Modules] Host is up to date.
7/21/2025, 11:49:43 PM GMT+5:30 [Modules] Checking for module updates at https://discord.com/api/modules/stable/versions.json
7/21/2025, 11:49:43 PM GMT+5:30 [Modules] No module updates available.
7/21/2025, 11:50:34 PM GMT+5:30 [Modules] Checking for host updates.
7/21/2025, 11:50:35 PM GMT+5:30 [Modules] Host is up to date.
7/21/2025, 11:50:35 PM GMT+5:30 [Modules] Checking for module updates at https://discord.com/api/modules/stable/versions.json
7/21/2025, 11:50:35 PM GMT+5:30 [Modules] No module updates available.
7/21/2025, 11:52:03 PM GMT+5:30 [Modules] Checking for host updates.
7/21/2025, 11:52:04 PM GMT+5:30 [Modules] Host is up to date.
7/21/2025, 11:52:04 PM GMT+5:30 [Modules] Checking for module updates at https://discord.com/api/modules/stable/versions.json
7/21/2025, 11:52:04 PM GMT+5:30 [Modules] No module updates available.
7/22/2025, 12:06:55 AM GMT+5:30 [Modules] Checking for host updates.
7/22/2025, 12:06:56 AM GMT+5:30 [Modules] Host is up to date.
7/22/2025, 12:06:56 AM GMT+5:30 [Modules] Checking for module updates at https://discord.com/api/modules/stable/versions.json
7/22/2025, 12:06:56 AM GMT+5:30 [Modules] No module updates available.
7/22/2025, 12:15:14 AM GMT+5:30 [Modules] Checking for host updates.
7/22/2025, 12:15:15 AM GMT+5:30 [Modules] Host is up to date.
7/22/2025, 12:15:15 AM GMT+5:30 [Modules] Checking for module updates at https://discord.com/api/modules/stable/versions.json
7/22/2025, 12:15:15 AM GMT+5:30 [Modules] No module updates available.
7/22/2025, 12:37:41 AM GMT+5:30 [Modules] Checking for host updates.
7/22/2025, 12:37:41 AM GMT+5:30 [Modules] Host is up to date.
7/22/2025, 12:37:41 AM GMT+5:30 [Modules] Checking for module updates at https://discord.com/api/modules/stable/versions.json
7/22/2025, 12:37:41 AM GMT+5:30 [Modules] No module updates available.
7/22/2025, 12:45:42 AM GMT+5:30 [Modules] Checking for host updates.
7/22/2025, 12:45:42 AM GMT+5:30 [Modules] Host is up to date.
7/22/2025, 12:45:42 AM GMT+5:30 [Modules] Checking for module updates at https://discord.com/api/modules/stable/versions.json
7/22/2025, 12:45:42 AM GMT+5:30 [Modules] No module updates available.
7/22/2025, 12:49:37 AM GMT+5:30 [Modules] Checking for host updates.
7/22/2025, 12:49:38 AM GMT+5:30 [Modules] Host is up to date.
7/22/2025, 12:49:38 AM GMT+5:30 [Modules] Checking for module updates at https://discord.com/api/modules/stable/versions.json
7/22/2025, 12:49:38 AM GMT+5:30 [Modules] No module updates available.
7/22/2025, 12:50:34 AM GMT+5:30 [Modules] Checking for host updates.
7/22/2025, 12:50:34 AM GMT+5:30 [Modules] Host is up to date.
7/22/2025, 12:50:34 AM GMT+5:30 [Modules] Checking for module updates at https://discord.com/api/modules/stable/versions.json
7/22/2025, 12:50:34 AM GMT+5:30 [Modules] No module updates available.
7/22/2025, 12:52:03 AM GMT+5:30 [Modules] Checking for host updates.
7/22/2025, 12:52:04 AM GMT+5:30 [Modules] Host is up to date.
7/22/2025, 12:52:04 AM GMT+5:30 [Modules] Checking for module updates at https://discord.com/api/modules/stable/versions.json
7/22/2025, 12:52:04 AM GMT+5:30 [Modules] No module updates available.
7/22/2025, 1:30:04 PM GMT+5:30 [Modules] Checking for host updates.
7/22/2025, 1:30:04 PM GMT+5:30 [Modules] Host is up to date.
7/22/2025, 1:30:04 PM GMT+5:30 [Modules] Checking for module updates at https://discord.com/api/modules/stable/versions.json
7/22/2025, 1:30:04 PM GMT+5:30 [Modules] Module update available: discord_desktop_core@2 [installed: 1]
7/22/2025, 1:30:04 PM GMT+5:30 [Modules] Module update available: discord_voice@2 [installed: 1]
7/22/2025, 1:30:04 PM GMT+5:30 [Modules] Fetching discord_desktop_core@2 from https://discord.com/api/modules/stable/discord_desktop_core/2
7/22/2025, 1:30:04 PM GMT+5:30 [Modules] Streaming discord_desktop_core@2 to /home/man37/.config/discord/0.0.102/modules/pending/discord_desktop_core-2.zip
7/22/2025, 1:30:05 PM GMT+5:30 [Modules] Streaming discord_desktop_core@2 to /home/man37/.config/discord/0.0.102/modules/pending/discord_desktop_core-2.zip: 1%
7/22/2025, 1:30:05 PM GMT+5:30 [Modules] Streaming discord_desktop_core@2 to /home/man37/.config/discord/0.0.102/modules/pending/discord_desktop_core-2.zip: 2%
7/22/2025, 1:30:05 PM GMT+5:30 [Modules] Streaming discord_desktop_core@2 to /home/man37/.config/discord/0.0.102/modules/pending/discord_desktop_core-2.zip: 4%
7/22/2025, 1:30:05 PM GMT+5:30 [Modules] Streaming discord_desktop_core@2 to /home/man37/.config/discord/0.0.102/modules/pending/discord_desktop_core-2.zip: 7%
7/22/2025, 1:30:05 PM GMT+5:30 [Modules] Streaming discord_desktop_core@2 to /home/man37/.config/discord/0.0.102/modules/pending/discord_desktop_core-2.zip: 8%
7/22/2025, 1:30:05 PM GMT+5:30 [Modules] Streaming discord_desktop_core@2 to /home/man37/.config/discord/0.0.102/modules/pending/discord_desktop_core-2.zip: 9%
7/22/2025, 1:30:05 PM GMT+5:30 [Modules] Streaming discord_desktop_core@2 to /home/man37/.config/discord/0.0.102/modules/pending/discord_desktop_core-2.zip: 11%
7/22/2025, 1:30:05 PM GMT+5:30 [Modules] Streaming discord_desktop_core@2 to /home/man37/.config/discord/0.0.102/modules/pending/discord_desktop_core-2.zip: 12%
7/22/2025, 1:30:05 PM GMT+5:30 [Modules] Streaming discord_desktop_core@2 to /home/man37/.config/discord/0.0.102/modules/pending/discord_desktop_core-2.zip: 13%
7/22/2025, 1:30:05 PM GMT+5:30 [Modules] Streaming discord_desktop_core@2 to /home/man37/.config/discord/0.0.102/modules/pending/discord_desktop_core-2.zip: 14%
7/22/2025, 1:30:05 PM GMT+5:30 [Modules] Streaming discord_desktop_core@2 to /home/man37/.config/discord/0.0.102/modules/pending/discord_desktop_core-2.zip: 17%
7/22/2025, 1:30:05 PM GMT+5:30 [Modules] Streaming discord_desktop_core@2 to /home/man37/.config/discord/0.0.102/modules/pending/discord_desktop_core-2.zip: 18%
7/22/2025, 1:30:05 PM GMT+5:30 [Modules] Streaming discord_desktop_core@2 to /home/man37/.config/discord/0.0.102/modules/pending/discord_desktop_core-2.zip: 21%
7/22/2025, 1:30:05 PM GMT+5:30 [Modules] Streaming discord_desktop_core@2 to /home/man37/.config/discord/0.0.102/modules/pending/discord_desktop_core-2.zip: 24%
7/22/2025, 1:30:05 PM GMT+5:30 [Modules] Streaming discord_desktop_core@2 to /home/man37/.config/discord/0.0.102/modules/pending/discord_desktop_core-2.zip: 27%
7/22/2025, 1:30:05 PM GMT+5:30 [Modules] Streaming discord_desktop_core@2 to /home/man37/.config/discord/0.0.102/modules/pending/discord_desktop_core-2.zip: 30%
7/22/2025, 1:30:05 PM GMT+5:30 [Modules] Streaming discord_desktop_core@2 to /home/man37/.config/discord/0.0.102/modules/pending/discord_desktop_core-2.zip: 36%
7/22/2025, 1:30:05 PM GMT+5:30 [Modules] Streaming discord_desktop_core@2 to /home/man37/.config/discord/0.0.102/modules/pending/discord_desktop_core-2.zip: 41%
7/22/2025, 1:30:05 PM GMT+5:30 [Modules] Streaming discord_desktop_core@2 to /home/man37/.config/discord/0.0.102/modules/pending/discord_desktop_core-2.zip: 46%
7/22/2025, 1:30:05 PM GMT+5:30 [Modules] Streaming discord_desktop_core@2 to /home/man37/.config/discord/0.0.102/modules/pending/discord_desktop_core-2.zip: 47%
7/22/2025, 1:30:05 PM GMT+5:30 [Modules] Streaming discord_desktop_core@2 to /home/man37/.config/discord/0.0.102/modules/pending/discord_desktop_core-2.zip: 49%
7/22/2025, 1:30:05 PM GMT+5:30 [Modules] Streaming discord_desktop_core@2 to /home/man37/.config/discord/0.0.102/modules/pending/discord_desktop_core-2.zip: 52%
7/22/2025, 1:30:05 PM GMT+5:30 [Modules] Streaming discord_desktop_core@2 to /home/man37/.config/discord/0.0.102/modules/pending/discord_desktop_core-2.zip: 55%
7/22/2025, 1:30:05 PM GMT+5:30 [Modules] Streaming discord_desktop_core@2 to /home/man37/.config/discord/0.0.102/modules/pending/discord_desktop_core-2.zip: 61%
7/22/2025, 1:30:05 PM GMT+5:30 [Modules] Streaming discord_desktop_core@2 to /home/man37/.config/discord/0.0.102/modules/pending/discord_desktop_core-2.zip: 64%
7/22/2025, 1:30:05 PM GMT+5:30 [Modules] Streaming discord_desktop_core@2 to /home/man37/.config/discord/0.0.102/modules/pending/discord_desktop_core-2.zip: 66%
7/22/2025, 1:30:05 PM GMT+5:30 [Modules] Streaming discord_desktop_core@2 to /home/man37/.config/discord/0.0.102/modules/pending/discord_desktop_core-2.zip: 78%
7/22/2025, 1:30:05 PM GMT+5:30 [Modules] Streaming discord_desktop_core@2 to /home/man37/.config/discord/0.0.102/modules/pending/discord_desktop_core-2.zip: 81%
7/22/2025, 1:30:05 PM GMT+5:30 [Modules] Streaming discord_desktop_core@2 to /home/man37/.config/discord/0.0.102/modules/pending/discord_desktop_core-2.zip: 83%
7/22/2025, 1:30:05 PM GMT+5:30 [Modules] Streaming discord_desktop_core@2 to /home/man37/.config/discord/0.0.102/modules/pending/discord_desktop_core-2.zip: 89%
7/22/2025, 1:30:05 PM GMT+5:30 [Modules] Streaming discord_desktop_core@2 to /home/man37/.config/discord/0.0.102/modules/pending/discord_desktop_core-2.zip: 90%
7/22/2025, 1:30:05 PM GMT+5:30 [Modules] Streaming discord_desktop_core@2 to /home/man37/.config/discord/0.0.102/modules/pending/discord_desktop_core-2.zip: 93%
7/22/2025, 1:30:05 PM GMT+5:30 [Modules] Streaming discord_desktop_core@2 to /home/man37/.config/discord/0.0.102/modules/pending/discord_desktop_core-2.zip: 99%
7/22/2025, 1:30:05 PM GMT+5:30 [Modules] Streaming discord_desktop_core@2 to /home/man37/.config/discord/0.0.102/modules/pending/discord_desktop_core-2.zip: 100%
7/22/2025, 1:30:05 PM GMT+5:30 [Modules] Fetching discord_voice@2 from https://discord.com/api/modules/stable/discord_voice/2
7/22/2025, 1:30:05 PM GMT+5:30 [Modules] Streaming discord_voice@2 to /home/man37/.config/discord/0.0.102/modules/pending/discord_voice-2.zip
7/22/2025, 1:30:05 PM GMT+5:30 [Modules] Streaming discord_voice@2 to /home/man37/.config/discord/0.0.102/modules/pending/discord_voice-2.zip: 1%
7/22/2025, 1:30:05 PM GMT+5:30 [Modules] Streaming discord_voice@2 to /home/man37/.config/discord/0.0.102/modules/pending/discord_voice-2.zip: 2%
7/22/2025, 1:30:05 PM GMT+5:30 [Modules] Streaming discord_voice@2 to /home/man37/.config/discord/0.0.102/modules/pending/discord_voice-2.zip: 3%
7/22/2025, 1:30:05 PM GMT+5:30 [Modules] Streaming discord_voice@2 to /home/man37/.config/discord/0.0.102/modules/pending/discord_voice-2.zip: 4%
7/22/2025, 1:30:05 PM GMT+5:30 [Modules] Streaming discord_voice@2 to /home/man37/.config/discord/0.0.102/modules/pending/discord_voice-2.zip: 5%
7/22/2025, 1:30:05 PM GMT+5:30 [Modules] Streaming discord_voice@2 to /home/man37/.config/discord/0.0.102/modules/pending/discord_voice-2.zip: 6%
7/22/2025, 1:30:06 PM GMT+5:30 [Modules] Streaming discord_voice@2 to /home/man37/.config/discord/0.0.102/modules/pending/discord_voice-2.zip: 7%
7/22/2025, 1:30:06 PM GMT+5:30 [Modules] Streaming discord_voice@2 to /home/man37/.config/discord/0.0.102/modules/pending/discord_voice-2.zip: 8%
7/22/2025, 1:30:06 PM GMT+5:30 [Modules] Streaming discord_voice@2 to /home/man37/.config/discord/0.0.102/modules/pending/discord_voice-2.zip: 9%
7/22/2025, 1:30:06 PM GMT+5:30 [Modules] Streaming discord_voice@2 to /home/man37/.config/discord/0.0.102/modules/pending/discord_voice-2.zip: 10%
7/22/2025, 1:30:06 PM GMT+5:30 [Modules] Streaming discord_voice@2 to /home/man37/.config/discord/0.0.102/modules/pending/discord_voice-2.zip: 11%
7/22/2025, 1:30:06 PM GMT+5:30 [Modules] Streaming discord_voice@2 to /home/man37/.config/discord/0.0.102/modules/pending/discord_voice-2.zip: 12%
7/22/2025, 1:30:06 PM GMT+5:30 [Modules] Streaming discord_voice@2 to /home/man37/.config/discord/0.0.102/modules/pending/discord_voice-2.zip: 13%
7/22/2025, 1:30:06 PM GMT+5:30 [Modules] Streaming discord_voice@2 to /home/man37/.config/discord/0.0.102/modules/pending/discord_voice-2.zip: 14%
7/22/2025, 1:30:06 PM GMT+5:30 [Modules] Streaming discord_voice@2 to /home/man37/.config/discord/0.0.102/modules/pending/discord_voice-2.zip: 15%
7/22/2025, 1:30:06 PM GMT+5:30 [Modules] Streaming discord_voice@2 to /home/man37/.config/discord/0.0.102/modules/pending/discord_voice-2.zip: 16%
7/22/2025, 1:30:06 PM GMT+5:30 [Modules] Streaming discord_voice@2 to /home/man37/.config/discord/0.0.102/modules/pending/discord_voice-2.zip: 17%
7/22/2025, 1:30:06 PM GMT+5:30 [Modules] Streaming discord_voice@2 to /home/man37/.config/discord/0.0.102/modules/pending/discord_voice-2.zip: 18%
7/22/2025, 1:30:06 PM GMT+5:30 [Modules] Streaming discord_voice@2 to /home/man37/.config/discord/0.0.102/modules/pending/discord_voice-2.zip: 19%
7/22/2025, 1:30:06 PM GMT+5:30 [Modules] Streaming discord_voice@2 to /home/man37/.config/discord/0.0.102/modules/pending/discord_voice-2.zip: 20%
7/22/2025, 1:30:06 PM GMT+5:30 [Modules] Streaming discord_voice@2 to /home/man37/.config/discord/0.0.102/modules/pending/discord_voice-2.zip: 21%
7/22/2025, 1:30:06 PM GMT+5:30 [Modules] Streaming discord_voice@2 to /home/man37/.config/discord/0.0.102/modules/pending/discord_voice-2.zip: 22%
7/22/2025, 1:30:06 PM GMT+5:30 [Modules] Streaming discord_voice@2 to /home/man37/.config/discord/0.0.102/modules/pending/discord_voice-2.zip: 23%
7/22/2025, 1:30:06 PM GMT+5:30 [Modules] Streaming discord_voice@2 to /home/man37/.config/discord/0.0.102/modules/pending/discord_voice-2.zip: 24%
7/22/2025, 1:30:06 PM GMT+5:30 [Modules] Streaming discord_voice@2 to /home/man37/.config/discord/0.0.102/modules/pending/discord_voice-2.zip: 25%
7/22/2025, 1:30:06 PM GMT+5:30 [Modules] Streaming discord_voice@2 to /home/man37/.config/discord/0.0.102/modules/pending/discord_voice-2.zip: 26%
7/22/2025, 1:30:06 PM GMT+5:30 [Modules] Streaming discord_voice@2 to /home/man37/.config/discord/0.0.102/modules/pending/discord_voice-2.zip: 27%
7/22/2025, 1:30:06 PM GMT+5:30 [Modules] Streaming discord_voice@2 to /home/man37/.config/discord/0.0.102/modules/pending/discord_voice-2.zip: 28%
7/22/2025, 1:30:06 PM GMT+5:30 [Modules] Streaming discord_voice@2 to /home/man37/.config/discord/0.0.102/modules/pending/discord_voice-2.zip: 29%
7/22/2025, 1:30:06 PM GMT+5:30 [Modules] Streaming discord_voice@2 to /home/man37/.config/discord/0.0.102/modules/pending/discord_voice-2.zip: 30%
7/22/2025, 1:30:06 PM GMT+5:30 [Modules] Streaming discord_voice@2 to /home/man37/.config/discord/0.0.102/modules/pending/discord_voice-2.zip: 31%
7/22/2025, 1:30:06 PM GMT+5:30 [Modules] Streaming discord_voice@2 to /home/man37/.config/discord/0.0.102/modules/pending/discord_voice-2.zip: 32%
7/22/2025, 1:30:06 PM GMT+5:30 [Modules] Streaming discord_voice@2 to /home/man37/.config/discord/0.0.102/modules/pending/discord_voice-2.zip: 33%
7/22/2025, 1:30:06 PM GMT+5:30 [Modules] Streaming discord_voice@2 to /home/man37/.config/discord/0.0.102/modules/pending/discord_voice-2.zip: 34%
7/22/2025, 1:30:06 PM GMT+5:30 [Modules] Streaming discord_voice@2 to /home/man37/.config/discord/0.0.102/modules/pending/discord_voice-2.zip: 35%
7/22/2025, 1:30:06 PM GMT+5:30 [Modules] Streaming discord_voice@2 to /home/man37/.config/discord/0.0.102/modules/pending/discord_voice-2.zip: 36%
7/22/2025, 1:30:06 PM GMT+5:30 [Modules] Streaming discord_voice@2 to /home/man37/.config/discord/0.0.102/modules/pending/discord_voice-2.zip: 37%
7/22/2025, 1:30:06 PM GMT+5:30 [Modules] Streaming discord_voice@2 to /home/man37/.config/discord/0.0.102/modules/pending/discord_voice-2.zip: 38%
7/22/2025, 1:30:06 PM GMT+5:30 [Modules] Streaming discord_voice@2 to /home/man37/.config/discord/0.0.102/modules/pending/discord_voice-2.zip: 39%
7/22/2025, 1:30:06 PM GMT+5:30 [Modules] Streaming discord_voice@2 to /home/man37/.config/discord/0.0.102/modules/pending/discord_voice-2.zip: 40%
7/22/2025, 1:30:06 PM GMT+5:30 [Modules] Streaming discord_voice@2 to /home/man37/.config/discord/0.0.102/modules/pending/discord_voice-2.zip: 41%
7/22/2025, 1:30:06 PM GMT+5:30 [Modules] Streaming discord_voice@2 to /home/man37/.config/discord/0.0.102/modules/pending/discord_voice-2.zip: 42%
7/22/2025, 1:30:06 PM GMT+5:30 [Modules] Streaming discord_voice@2 to /home/man37/.config/discord/0.0.102/modules/pending/discord_voice-2.zip: 43%
7/22/2025, 1:30:06 PM GMT+5:30 [Modules] Streaming discord_voice@2 to /home/man37/.config/discord/0.0.102/modules/pending/discord_voice-2.zip: 44%
7/22/2025, 1:30:06 PM GMT+5:30 [Modules] Streaming discord_voice@2 to /home/man37/.config/discord/0.0.102/modules/pending/discord_voice-2.zip: 45%
7/22/2025, 1:30:06 PM GMT+5:30 [Modules] Streaming discord_voice@2 to /home/man37/.config/discord/0.0.102/modules/pending/discord_voice-2.zip: 46%
7/22/2025, 1:30:06 PM GMT+5:30 [Modules] Streaming discord_voice@2 to /home/man37/.config/discord/0.0.102/modules/pending/discord_voice-2.zip: 47%
7/22/2025, 1:30:06 PM GMT+5:30 [Modules] Streaming discord_voice@2 to /home/man37/.config/discord/0.0.102/modules/pending/discord_voice-2.zip: 48%
7/22/2025, 1:30:06 PM GMT+5:30 [Modules] Streaming discord_voice@2 to /home/man37/.config/discord/0.0.102/modules/pending/discord_voice-2.zip: 49%
7/22/2025, 1:30:06 PM GMT+5:30 [Modules] Streaming discord_voice@2 to /home/man37/.config/discord/0.0.102/modules/pending/discord_voice-2.zip: 50%
7/22/2025, 1:30:06 PM GMT+5:30 [Modules] Streaming discord_voice@2 to /home/man37/.config/discord/0.0.102/modules/pending/discord_voice-2.zip: 51%
7/22/2025, 1:30:06 PM GMT+5:30 [Modules] Streaming discord_voice@2 to /home/man37/.config/discord/0.0.102/modules/pending/discord_voice-2.zip: 52%
7/22/2025, 1:30:06 PM GMT+5:30 [Modules] Streaming discord_voice@2 to /home/man37/.config/discord/0.0.102/modules/pending/discord_voice-2.zip: 53%
7/22/2025, 1:30:07 PM GMT+5:30 [Modules] Streaming discord_voice@2 to /home/man37/.config/discord/0.0.102/modules/pending/discord_voice-2.zip: 54%
7/22/2025, 1:30:07 PM GMT+5:30 [Modules] Streaming discord_voice@2 to /home/man37/.config/discord/0.0.102/modules/pending/discord_voice-2.zip: 55%
7/22/2025, 1:30:07 PM GMT+5:30 [Modules] Streaming discord_voice@2 to /home/man37/.config/discord/0.0.102/modules/pending/discord_voice-2.zip: 56%
7/22/2025, 1:30:07 PM GMT+5:30 [Modules] Streaming discord_voice@2 to /home/man37/.config/discord/0.0.102/modules/pending/discord_voice-2.zip: 57%
7/22/2025, 1:30:07 PM GMT+5:30 [Modules] Streaming discord_voice@2 to /home/man37/.config/discord/0.0.102/modules/pending/discord_voice-2.zip: 58%
7/22/2025, 1:30:07 PM GMT+5:30 [Modules] Streaming discord_voice@2 to /home/man37/.config/discord/0.0.102/modules/pending/discord_voice-2.zip: 59%
7/22/2025, 1:30:07 PM GMT+5:30 [Modules] Streaming discord_voice@2 to /home/man37/.config/discord/0.0.102/modules/pending/discord_voice-2.zip: 60%
7/22/2025, 1:30:07 PM GMT+5:30 [Modules] Streaming discord_voice@2 to /home/man37/.config/discord/0.0.102/modules/pending/discord_voice-2.zip: 61%
7/22/2025, 1:30:07 PM GMT+5:30 [Modules] Streaming discord_voice@2 to /home/man37/.config/discord/0.0.102/modules/pending/discord_voice-2.zip: 62%
7/22/2025, 1:30:07 PM GMT+5:30 [Modules] Streaming discord_voice@2 to /home/man37/.config/discord/0.0.102/modules/pending/discord_voice-2.zip: 63%
7/22/2025, 1:30:07 PM GMT+5:30 [Modules] Streaming discord_voice@2 to /home/man37/.config/discord/0.0.102/modules/pending/discord_voice-2.zip: 64%
7/22/2025, 1:30:07 PM GMT+5:30 [Modules] Streaming discord_voice@2 to /home/man37/.config/discord/0.0.102/modules/pending/discord_voice-2.zip: 65%
7/22/2025, 1:30:07 PM GMT+5:30 [Modules] Streaming discord_voice@2 to /home/man37/.config/discord/0.0.102/modules/pending/discord_voice-2.zip: 66%
7/22/2025, 1:30:07 PM GMT+5:30 [Modules] Streaming discord_voice@2 to /home/man37/.config/discord/0.0.102/modules/pending/discord_voice-2.zip: 67%
7/22/2025, 1:30:07 PM GMT+5:30 [Modules] Streaming discord_voice@2 to /home/man37/.config/discord/0.0.102/modules/pending/discord_voice-2.zip: 68%
7/22/2025, 1:30:07 PM GMT+5:30 [Modules] Streaming discord_voice@2 to /home/man37/.config/discord/0.0.102/modules/pending/discord_voice-2.zip: 69%
7/22/2025, 1:30:07 PM GMT+5:30 [Modules] Streaming discord_voice@2 to /home/man37/.config/discord/0.0.102/modules/pending/discord_voice-2.zip: 70%
7/22/2025, 1:30:07 PM GMT+5:30 [Modules] Streaming discord_voice@2 to /home/man37/.config/discord/0.0.102/modules/pending/discord_voice-2.zip: 71%
7/22/2025, 1:30:07 PM GMT+5:30 [Modules] Streaming discord_voice@2 to /home/man37/.config/discord/0.0.102/modules/pending/discord_voice-2.zip: 72%
7/22/2025, 1:30:07 PM GMT+5:30 [Modules] Streaming discord_voice@2 to /home/man37/.config/discord/0.0.102/modules/pending/discord_voice-2.zip: 73%
7/22/2025, 1:30:07 PM GMT+5:30 [Modules] Streaming discord_voice@2 to /home/man37/.config/discord/0.0.102/modules/pending/discord_voice-2.zip: 74%
7/22/2025, 1:30:07 PM GMT+5:30 [Modules] Streaming discord_voice@2 to /home/man37/.config/discord/0.0.102/modules/pending/discord_voice-2.zip: 75%
7/22/2025, 1:30:07 PM GMT+5:30 [Modules] Streaming discord_voice@2 to /home/man37/.config/discord/0.0.102/modules/pending/discord_voice-2.zip: 76%
7/22/2025, 1:30:07 PM GMT+5:30 [Modules] Streaming discord_voice@2 to /home/man37/.config/discord/0.0.102/modules/pending/discord_voice-2.zip: 77%
7/22/2025, 1:30:07 PM GMT+5:30 [Modules] Streaming discord_voice@2 to /home/man37/.config/discord/0.0.102/modules/pending/discord_voice-2.zip: 78%
7/22/2025, 1:30:07 PM GMT+5:30 [Modules] Streaming discord_voice@2 to /home/man37/.config/discord/0.0.102/modules/pending/discord_voice-2.zip: 79%
7/22/2025, 1:30:07 PM GMT+5:30 [Modules] Streaming discord_voice@2 to /home/man37/.config/discord/0.0.102/modules/pending/discord_voice-2.zip: 80%
7/22/2025, 1:30:07 PM GMT+5:30 [Modules] Streaming discord_voice@2 to /home/man37/.config/discord/0.0.102/modules/pending/discord_voice-2.zip: 81%
7/22/2025, 1:30:07 PM GMT+5:30 [Modules] Streaming discord_voice@2 to /home/man37/.config/discord/0.0.102/modules/pending/discord_voice-2.zip: 82%
7/22/2025, 1:30:07 PM GMT+5:30 [Modules] Streaming discord_voice@2 to /home/man37/.config/discord/0.0.102/modules/pending/discord_voice-2.zip: 83%
7/22/2025, 1:30:07 PM GMT+5:30 [Modules] Streaming discord_voice@2 to /home/man37/.config/discord/0.0.102/modules/pending/discord_voice-2.zip: 84%
7/22/2025, 1:30:07 PM GMT+5:30 [Modules] Streaming discord_voice@2 to /home/man37/.config/discord/0.0.102/modules/pending/discord_voice-2.zip: 85%
7/22/2025, 1:30:07 PM GMT+5:30 [Modules] Streaming discord_voice@2 to /home/man37/.config/discord/0.0.102/modules/pending/discord_voice-2.zip: 86%
7/22/2025, 1:30:07 PM GMT+5:30 [Modules] Streaming discord_voice@2 to /home/man37/.config/discord/0.0.102/modules/pending/discord_voice-2.zip: 87%
7/22/2025, 1:30:07 PM GMT+5:30 [Modules] Streaming discord_voice@2 to /home/man37/.config/discord/0.0.102/modules/pending/discord_voice-2.zip: 88%
7/22/2025, 1:30:07 PM GMT+5:30 [Modules] Streaming discord_voice@2 to /home/man37/.config/discord/0.0.102/modules/pending/discord_voice-2.zip: 89%
7/22/2025, 1:30:07 PM GMT+5:30 [Modules] Streaming discord_voice@2 to /home/man37/.config/discord/0.0.102/modules/pending/discord_voice-2.zip: 90%
7/22/2025, 1:30:07 PM GMT+5:30 [Modules] Streaming discord_voice@2 to /home/man37/.config/discord/0.0.102/modules/pending/discord_voice-2.zip: 91%
7/22/2025, 1:30:07 PM GMT+5:30 [Modules] Streaming discord_voice@2 to /home/man37/.config/discord/0.0.102/modules/pending/discord_voice-2.zip: 92%
7/22/2025, 1:30:07 PM GMT+5:30 [Modules] Streaming discord_voice@2 to /home/man37/.config/discord/0.0.102/modules/pending/discord_voice-2.zip: 93%
7/22/2025, 1:30:07 PM GMT+5:30 [Modules] Streaming discord_voice@2 to /home/man37/.config/discord/0.0.102/modules/pending/discord_voice-2.zip: 94%
7/22/2025, 1:30:07 PM GMT+5:30 [Modules] Streaming discord_voice@2 to /home/man37/.config/discord/0.0.102/modules/pending/discord_voice-2.zip: 95%
7/22/2025, 1:30:07 PM GMT+5:30 [Modules] Streaming discord_voice@2 to /home/man37/.config/discord/0.0.102/modules/pending/discord_voice-2.zip: 96%
7/22/2025, 1:30:07 PM GMT+5:30 [Modules] Streaming discord_voice@2 to /home/man37/.config/discord/0.0.102/modules/pending/discord_voice-2.zip: 97%
7/22/2025, 1:30:07 PM GMT+5:30 [Modules] Streaming discord_voice@2 to /home/man37/.config/discord/0.0.102/modules/pending/discord_voice-2.zip: 98%
7/22/2025, 1:30:07 PM GMT+5:30 [Modules] Streaming discord_voice@2 to /home/man37/.config/discord/0.0.102/modules/pending/discord_voice-2.zip: 99%
7/22/2025, 1:30:07 PM GMT+5:30 [Modules] Streaming discord_voice@2 to /home/man37/.config/discord/0.0.102/modules/pending/discord_voice-2.zip: 100%
7/22/2025, 1:30:07 PM GMT+5:30 [Modules] Finished module downloads. [success: 2] [failure: 0]
7/24/2025, 5:33:27 PM GMT+5:30 [Modules] Relaunching to install module updates...
7/24/2025, 5:33:38 PM GMT+5:30 [Modules] Modules initializing
7/24/2025, 5:33:38 PM GMT+5:30 [Modules] Distribution: remote
7/24/2025, 5:33:38 PM GMT+5:30 [Modules] Host updates: enabled
7/24/2025, 5:33:38 PM GMT+5:30 [Modules] Module updates: enabled
7/24/2025, 5:33:38 PM GMT+5:30 [Modules] Module install path: /home/man37/.config/discord/0.0.102/modules
7/24/2025, 5:33:38 PM GMT+5:30 [Modules] Module installed file path: /home/man37/.config/discord/0.0.102/modules/installed.json
7/24/2025, 5:33:38 PM GMT+5:30 [Modules] Module download path: /home/man37/.config/discord/0.0.102/modules/pending
7/24/2025, 5:33:39 PM GMT+5:30 [Modules] Installing updates...
7/24/2025, 5:33:39 PM GMT+5:30 [Modules] Installing discord_desktop_core@2 from /home/man37/.config/discord/0.0.102/modules/pending/discord_desktop_core-2.zip
7/24/2025, 5:33:39 PM GMT+5:30 [Modules] Installing discord_voice@2 from /home/man37/.config/discord/0.0.102/modules/pending/discord_voice-2.zip
7/24/2025, 5:33:40 PM GMT+5:30 [Modules] Finished module installations. [success: 2] [failure: 0]
7/24/2025, 5:33:40 PM GMT+5:30 [Modules] Checking for host updates.
7/24/2025, 5:33:41 PM GMT+5:30 [Modules] Host is up to date.
7/24/2025, 5:33:41 PM GMT+5:30 [Modules] Checking for module updates at https://discord.com/api/modules/stable/versions.json
7/24/2025, 5:33:41 PM GMT+5:30 [Modules] No module updates available.
7/24/2025, 5:33:58 PM GMT+5:30 [Modules] Checking for host updates.
7/24/2025, 5:33:59 PM GMT+5:30 [Modules] Host is up to date.
7/24/2025, 5:33:59 PM GMT+5:30 [Modules] Checking for module updates at https://discord.com/api/modules/stable/versions.json
7/24/2025, 5:33:59 PM GMT+5:30 [Modules] No module updates available.
7/24/2025, 6:33:58 PM GMT+5:30 [Modules] Checking for host updates.
7/24/2025, 6:33:59 PM GMT+5:30 [Modules] Host is up to date.
7/24/2025, 6:33:59 PM GMT+5:30 [Modules] Checking for module updates at https://discord.com/api/modules/stable/versions.json
7/24/2025, 6:33:59 PM GMT+5:30 [Modules] No module updates available.
7/24/2025, 7:33:58 PM GMT+5:30 [Modules] Checking for host updates.
7/24/2025, 7:33:59 PM GMT+5:30 [Modules] Host is up to date.
7/24/2025, 7:33:59 PM GMT+5:30 [Modules] Checking for module updates at https://discord.com/api/modules/stable/versions.json
7/24/2025, 7:33:59 PM GMT+5:30 [Modules] No module updates available.
7/24/2025, 9:01:30 PM GMT+5:30 [Modules] Checking for host updates.
7/24/2025, 9:01:31 PM GMT+5:30 [Modules] Host is up to date.
7/24/2025, 9:01:31 PM GMT+5:30 [Modules] Checking for module updates at https://discord.com/api/modules/stable/versions.json
7/24/2025, 9:01:31 PM GMT+5:30 [Modules] No module updates available.
7/24/2025, 9:56:24 PM GMT+5:30 [Modules] Checking for host updates.
7/24/2025, 9:56:25 PM GMT+5:30 [Modules] Host is up to date.
7/24/2025, 9:56:25 PM GMT+5:30 [Modules] Checking for module updates at https://discord.com/api/modules/stable/versions.json
7/24/2025, 9:56:25 PM GMT+5:30 [Modules] No module updates available.
7/24/2025, 10:01:30 PM GMT+5:30 [Modules] Checking for host updates.
7/24/2025, 10:01:31 PM GMT+5:30 [Modules] Host is up to date.
7/24/2025, 10:01:31 PM GMT+5:30 [Modules] Checking for module updates at https://discord.com/api/modules/stable/versions.json
7/24/2025, 10:01:31 PM GMT+5:30 [Modules] No module updates available.
7/24/2025, 10:56:24 PM GMT+5:30 [Modules] Checking for host updates.
7/24/2025, 10:56:25 PM GMT+5:30 [Modules] Host is up to date.
7/24/2025, 10:56:25 PM GMT+5:30 [Modules] Checking for module updates at https://discord.com/api/modules/stable/versions.json
7/24/2025, 10:56:25 PM GMT+5:30 [Modules] No module updates available.
7/24/2025, 11:01:30 PM GMT+5:30 [Modules] Checking for host updates.
7/24/2025, 11:01:31 PM GMT+5:30 [Modules] Host is up to date.
7/24/2025, 11:01:31 PM GMT+5:30 [Modules] Checking for module updates at https://discord.com/api/modules/stable/versions.json
7/24/2025, 11:01:31 PM GMT+5:30 [Modules] No module updates available.
7/24/2025, 11:56:24 PM GMT+5:30 [Modules] Checking for host updates.
7/24/2025, 11:56:25 PM GMT+5:30 [Modules] Host is up to date.
7/24/2025, 11:56:25 PM GMT+5:30 [Modules] Checking for module updates at https://discord.com/api/modules/stable/versions.json
7/24/2025, 11:56:25 PM GMT+5:30 [Modules] No module updates available.
7/25/2025, 12:01:30 AM GMT+5:30 [Modules] Checking for host updates.
7/25/2025, 12:01:31 AM GMT+5:30 [Modules] Host is up to date.
7/25/2025, 12:01:31 AM GMT+5:30 [Modules] Checking for module updates at https://discord.com/api/modules/stable/versions.json
7/25/2025, 12:01:31 AM GMT+5:30 [Modules] No module updates available.
7/25/2025, 12:56:24 AM GMT+5:30 [Modules] Checking for host updates.
7/25/2025, 12:56:25 AM GMT+5:30 [Modules] Host is up to date.
7/25/2025, 12:56:25 AM GMT+5:30 [Modules] Checking for module updates at https://discord.com/api/modules/stable/versions.json
7/25/2025, 12:56:25 AM GMT+5:30 [Modules] No module updates available.
7/25/2025, 1:01:30 AM GMT+5:30 [Modules] Checking for host updates.
7/25/2025, 1:01:31 AM GMT+5:30 [Modules] Host is up to date.
7/25/2025, 1:01:31 AM GMT+5:30 [Modules] Checking for module updates at https://discord.com/api/modules/stable/versions.json
7/25/2025, 1:01:31 AM GMT+5:30 [Modules] No module updates available.
7/25/2025, 1:56:24 AM GMT+5:30 [Modules] Checking for host updates.
7/25/2025, 1:56:25 AM GMT+5:30 [Modules] Host is up to date.
7/25/2025, 1:56:25 AM GMT+5:30 [Modules] Checking for module updates at https://discord.com/api/modules/stable/versions.json
7/25/2025, 1:56:25 AM GMT+5:30 [Modules] No module updates available.
7/25/2025, 2:01:30 AM GMT+5:30 [Modules] Checking for host updates.
7/25/2025, 2:01:31 AM GMT+5:30 [Modules] Host is up to date.
7/25/2025, 2:01:31 AM GMT+5:30 [Modules] Checking for module updates at https://discord.com/api/modules/stable/versions.json
7/25/2025, 2:01:31 AM GMT+5:30 [Modules] No module updates available.
7/25/2025, 1:46:21 PM GMT+5:30 [Modules] Checking for host updates.
7/25/2025, 1:46:22 PM GMT+5:30 [Modules] Host is up to date.
7/25/2025, 1:46:22 PM GMT+5:30 [Modules] Checking for module updates at https://discord.com/api/modules/stable/versions.json
7/25/2025, 1:46:22 PM GMT+5:30 [Modules] No module updates available.
7/25/2025, 2:22:48 PM GMT+5:30 [Modules] Checking for host updates.
7/25/2025, 2:22:49 PM GMT+5:30 [Modules] Host is up to date.
7/25/2025, 2:22:49 PM GMT+5:30 [Modules] Checking for module updates at https://discord.com/api/modules/stable/versions.json
7/25/2025, 2:22:49 PM GMT+5:30 [Modules] No module updates available.
7/25/2025, 2:27:54 PM GMT+5:30 [Modules] Checking for host updates.
7/25/2025, 2:27:55 PM GMT+5:30 [Modules] Host is up to date.
7/25/2025, 2:27:55 PM GMT+5:30 [Modules] Checking for module updates at https://discord.com/api/modules/stable/versions.json
7/25/2025, 2:27:55 PM GMT+5:30 [Modules] No module updates available.
7/25/2025, 2:46:21 PM GMT+5:30 [Modules] Checking for host updates.
7/25/2025, 2:46:22 PM GMT+5:30 [Modules] Host is up to date.
7/25/2025, 2:46:22 PM GMT+5:30 [Modules] Checking for module updates at https://discord.com/api/modules/stable/versions.json
7/25/2025, 2:46:22 PM GMT+5:30 [Modules] No module updates available.
7/25/2025, 3:22:48 PM GMT+5:30 [Modules] Checking for host updates.
7/25/2025, 3:22:49 PM GMT+5:30 [Modules] Host is up to date.
7/25/2025, 3:22:49 PM GMT+5:30 [Modules] Checking for module updates at https://discord.com/api/modules/stable/versions.json
7/25/2025, 3:22:49 PM GMT+5:30 [Modules] No module updates available.
7/25/2025, 3:27:54 PM GMT+5:30 [Modules] Checking for host updates.
7/25/2025, 3:27:55 PM GMT+5:30 [Modules] Host is up to date.
7/25/2025, 3:27:55 PM GMT+5:30 [Modules] Checking for module updates at https://discord.com/api/modules/stable/versions.json
7/25/2025, 3:27:55 PM GMT+5:30 [Modules] No module updates available.
7/25/2025, 7:48:12 PM GMT+5:30 [Modules] Checking for host updates.
7/25/2025, 7:48:12 PM GMT+5:30 [Modules] Host is up to date.
7/25/2025, 7:48:12 PM GMT+5:30 [Modules] Checking for module updates at https://discord.com/api/modules/stable/versions.json
7/25/2025, 7:48:12 PM GMT+5:30 [Modules] No module updates available.
7/25/2025, 7:48:30 PM GMT+5:30 [Modules] Checking for host updates.
7/25/2025, 7:48:30 PM GMT+5:30 [Modules] Host is up to date.
7/25/2025, 7:48:30 PM GMT+5:30 [Modules] Checking for module updates at https://discord.com/api/modules/stable/versions.json
7/25/2025, 7:48:30 PM GMT+5:30 [Modules] No module updates available.
7/25/2025, 8:24:57 PM GMT+5:30 [Modules] Checking for host updates.
7/25/2025, 8:24:58 PM GMT+5:30 [Modules] Host is up to date.
7/25/2025, 8:24:58 PM GMT+5:30 [Modules] Checking for module updates at https://discord.com/api/modules/stable/versions.json
7/25/2025, 8:24:58 PM GMT+5:30 [Modules] No module updates available.
7/25/2025, 8:30:03 PM GMT+5:30 [Modules] Checking for host updates.
7/25/2025, 8:30:03 PM GMT+5:30 [Modules] Host is up to date.
7/25/2025, 8:30:03 PM GMT+5:30 [Modules] Checking for module updates at https://discord.com/api/modules/stable/versions.json
7/25/2025, 8:30:03 PM GMT+5:30 [Modules] No module updates available.
7/25/2025, 8:48:12 PM GMT+5:30 [Modules] Checking for host updates.
7/25/2025, 8:48:12 PM GMT+5:30 [Modules] Host is up to date.
7/25/2025, 8:48:12 PM GMT+5:30 [Modules] Checking for module updates at https://discord.com/api/modules/stable/versions.json
7/25/2025, 8:48:13 PM GMT+5:30 [Modules] No module updates available.
7/25/2025, 8:48:30 PM GMT+5:30 [Modules] Checking for host updates.
7/25/2025, 8:48:31 PM GMT+5:30 [Modules] Host is up to date.
7/25/2025, 8:48:31 PM GMT+5:30 [Modules] Checking for module updates at https://discord.com/api/modules/stable/versions.json
7/25/2025, 8:48:31 PM GMT+5:30 [Modules] No module updates available.
7/25/2025, 9:24:57 PM GMT+5:30 [Modules] Checking for host updates.
7/25/2025, 9:24:57 PM GMT+5:30 [Modules] Host is up to date.
7/25/2025, 9:24:57 PM GMT+5:30 [Modules] Checking for module updates at https://discord.com/api/modules/stable/versions.json
7/25/2025, 9:24:57 PM GMT+5:30 [Modules] No module updates available.
7/25/2025, 9:30:03 PM GMT+5:30 [Modules] Checking for host updates.
7/25/2025, 9:30:03 PM GMT+5:30 [Modules] Host is up to date.
7/25/2025, 9:30:03 PM GMT+5:30 [Modules] Checking for module updates at https://discord.com/api/modules/stable/versions.json
7/25/2025, 9:30:03 PM GMT+5:30 [Modules] No module updates available.
7/25/2025, 9:48:12 PM GMT+5:30 [Modules] Checking for host updates.
7/25/2025, 9:48:13 PM GMT+5:30 [Modules] Host is up to date.
7/25/2025, 9:48:13 PM GMT+5:30 [Modules] Checking for module updates at https://discord.com/api/modules/stable/versions.json
7/25/2025, 9:48:13 PM GMT+5:30 [Modules] No module updates available.
7/25/2025, 9:48:30 PM GMT+5:30 [Modules] Checking for host updates.
7/25/2025, 9:48:31 PM GMT+5:30 [Modules] Host is up to date.
7/25/2025, 9:48:31 PM GMT+5:30 [Modules] Checking for module updates at https://discord.com/api/modules/stable/versions.json
7/25/2025, 9:48:31 PM GMT+5:30 [Modules] No module updates available.
7/25/2025, 10:24:57 PM GMT+5:30 [Modules] Checking for host updates.
7/25/2025, 10:24:57 PM GMT+5:30 [Modules] Host is up to date.
7/25/2025, 10:24:57 PM GMT+5:30 [Modules] Checking for module updates at https://discord.com/api/modules/stable/versions.json
7/25/2025, 10:24:57 PM GMT+5:30 [Modules] No module updates available.
7/25/2025, 10:30:03 PM GMT+5:30 [Modules] Checking for host updates.
7/25/2025, 10:30:03 PM GMT+5:30 [Modules] Host is up to date.
7/25/2025, 10:30:03 PM GMT+5:30 [Modules] Checking for module updates at https://discord.com/api/modules/stable/versions.json
7/25/2025, 10:30:03 PM GMT+5:30 [Modules] No module updates available.
7/25/2025, 10:48:12 PM GMT+5:30 [Modules] Checking for host updates.
7/25/2025, 10:48:12 PM GMT+5:30 [Modules] Host is up to date.
7/25/2025, 10:48:12 PM GMT+5:30 [Modules] Checking for module updates at https://discord.com/api/modules/stable/versions.json
7/25/2025, 10:48:12 PM GMT+5:30 [Modules] No module updates available.
7/25/2025, 10:48:30 PM GMT+5:30 [Modules] Checking for host updates.
7/25/2025, 10:48:30 PM GMT+5:30 [Modules] Host is up to date.
7/25/2025, 10:48:30 PM GMT+5:30 [Modules] Checking for module updates at https://discord.com/api/modules/stable/versions.json
7/25/2025, 10:48:30 PM GMT+5:30 [Modules] No module updates available.
7/25/2025, 11:24:57 PM GMT+5:30 [Modules] Checking for host updates.
7/25/2025, 11:24:57 PM GMT+5:30 [Modules] Host is up to date.
7/25/2025, 11:24:57 PM GMT+5:30 [Modules] Checking for module updates at https://discord.com/api/modules/stable/versions.json
7/25/2025, 11:24:57 PM GMT+5:30 [Modules] No module updates available.
7/25/2025, 11:30:03 PM GMT+5:30 [Modules] Checking for host updates.
7/25/2025, 11:30:03 PM GMT+5:30 [Modules] Host is up to date.
7/25/2025, 11:30:03 PM GMT+5:30 [Modules] Checking for module updates at https://discord.com/api/modules/stable/versions.json
7/25/2025, 11:30:03 PM GMT+5:30 [Modules] No module updates available.
7/25/2025, 11:48:12 PM GMT+5:30 [Modules] Checking for host updates.
7/25/2025, 11:48:12 PM GMT+5:30 [Modules] Host is up to date.
7/25/2025, 11:48:12 PM GMT+5:30 [Modules] Checking for module updates at https://discord.com/api/modules/stable/versions.json
7/25/2025, 11:48:12 PM GMT+5:30 [Modules] No module updates available.
7/25/2025, 11:48:30 PM GMT+5:30 [Modules] Checking for host updates.
7/25/2025, 11:48:30 PM GMT+5:30 [Modules] Host is up to date.
7/25/2025, 11:48:30 PM GMT+5:30 [Modules] Checking for module updates at https://discord.com/api/modules/stable/versions.json
7/25/2025, 11:48:30 PM GMT+5:30 [Modules] No module updates available.
7/26/2025, 12:31:57 AM GMT+5:30 [Modules] Checking for host updates.
7/26/2025, 12:31:57 AM GMT+5:30 [Modules] Host is up to date.
7/26/2025, 12:31:57 AM GMT+5:30 [Modules] Checking for module updates at https://discord.com/api/modules/stable/versions.json
7/26/2025, 12:31:57 AM GMT+5:30 [Modules] No module updates available.
7/26/2025, 12:38:19 AM GMT+5:30 [Modules] Checking for host updates.
7/26/2025, 12:38:20 AM GMT+5:30 [Modules] Host is up to date.
7/26/2025, 12:38:20 AM GMT+5:30 [Modules] Checking for module updates at https://discord.com/api/modules/stable/versions.json
7/26/2025, 12:38:20 AM GMT+5:30 [Modules] No module updates available.
7/26/2025, 12:43:25 AM GMT+5:30 [Modules] Checking for host updates.
7/26/2025, 12:43:25 AM GMT+5:30 [Modules] Host is up to date.
7/26/2025, 12:43:25 AM GMT+5:30 [Modules] Checking for module updates at https://discord.com/api/modules/stable/versions.json
7/26/2025, 12:43:25 AM GMT+5:30 [Modules] No module updates available.
7/26/2025, 3:03:05 AM GMT+5:30 [Modules] Checking for host updates.
7/26/2025, 3:03:05 AM GMT+5:30 [Modules] Host is up to date.
7/26/2025, 3:03:05 AM GMT+5:30 [Modules] Checking for module updates at https://discord.com/api/modules/stable/versions.json
7/26/2025, 3:03:05 AM GMT+5:30 [Modules] No module updates available.
7/26/2025, 3:17:39 AM GMT+5:30 [Modules] Checking for host updates.
7/26/2025, 3:17:40 AM GMT+5:30 [Modules] Host is up to date.
7/26/2025, 3:17:40 AM GMT+5:30 [Modules] Checking for module updates at https://discord.com/api/modules/stable/versions.json
7/26/2025, 3:17:40 AM GMT+5:30 [Modules] No module updates available.
7/26/2025, 3:17:57 AM GMT+5:30 [Modules] Checking for host updates.
7/26/2025, 3:17:57 AM GMT+5:30 [Modules] Host is up to date.
7/26/2025, 3:17:57 AM GMT+5:30 [Modules] Checking for module updates at https://discord.com/api/modules/stable/versions.json
7/26/2025, 3:17:57 AM GMT+5:30 [Modules] No module updates available.
7/26/2025, 3:48:02 AM GMT+5:30 [Modules] Checking for host updates.
7/26/2025, 3:48:02 AM GMT+5:30 [Modules] Host is up to date.
7/26/2025, 3:48:02 AM GMT+5:30 [Modules] Checking for module updates at https://discord.com/api/modules/stable/versions.json
7/26/2025, 3:48:02 AM GMT+5:30 [Modules] No module updates available.
7/26/2025, 3:54:24 AM GMT+5:30 [Modules] Checking for host updates.
7/26/2025, 3:54:24 AM GMT+5:30 [Modules] Host is up to date.
7/26/2025, 3:54:24 AM GMT+5:30 [Modules] Checking for module updates at https://discord.com/api/modules/stable/versions.json
7/26/2025, 3:54:24 AM GMT+5:30 [Modules] No module updates available.
7/26/2025, 7:38:19 PM GMT+5:30 [Modules] Checking for host updates.
7/26/2025, 7:38:19 PM GMT+5:30 [Modules] Host is up to date.
7/26/2025, 7:38:19 PM GMT+5:30 [Modules] Checking for module updates at https://discord.com/api/modules/stable/versions.json
7/26/2025, 7:38:19 PM GMT+5:30 [Modules] No module updates available.
7/26/2025, 7:41:43 PM GMT+5:30 [Modules] Checking for host updates.
7/26/2025, 7:41:43 PM GMT+5:30 [Modules] Host is up to date.
7/26/2025, 7:41:43 PM GMT+5:30 [Modules] Checking for module updates at https://discord.com/api/modules/stable/versions.json
7/26/2025, 7:41:43 PM GMT+5:30 [Modules] No module updates available.
7/26/2025, 7:45:18 PM GMT+5:30 [Modules] Checking for host updates.
7/26/2025, 7:45:18 PM GMT+5:30 [Modules] Host is up to date.
7/26/2025, 7:45:18 PM GMT+5:30 [Modules] Checking for module updates at https://discord.com/api/modules/stable/versions.json
7/26/2025, 7:45:18 PM GMT+5:30 [Modules] No module updates available.
7/26/2025, 7:59:52 PM GMT+5:30 [Modules] Checking for host updates.
7/26/2025, 7:59:52 PM GMT+5:30 [Modules] Host is up to date.
7/26/2025, 7:59:52 PM GMT+5:30 [Modules] Checking for module updates at https://discord.com/api/modules/stable/versions.json
7/26/2025, 7:59:52 PM GMT+5:30 [Modules] No module updates available.
7/26/2025, 8:00:10 PM GMT+5:30 [Modules] Checking for host updates.
7/26/2025, 8:00:10 PM GMT+5:30 [Modules] Host is up to date.
7/26/2025, 8:00:10 PM GMT+5:30 [Modules] Checking for module updates at https://discord.com/api/modules/stable/versions.json
7/26/2025, 8:00:10 PM GMT+5:30 [Modules] No module updates available.
7/26/2025, 8:30:15 PM GMT+5:30 [Modules] Checking for host updates.
7/26/2025, 8:30:15 PM GMT+5:30 [Modules] Host is up to date.
7/26/2025, 8:30:15 PM GMT+5:30 [Modules] Checking for module updates at https://discord.com/api/modules/stable/versions.json
7/26/2025, 8:30:15 PM GMT+5:30 [Modules] No module updates available.
7/26/2025, 8:36:37 PM GMT+5:30 [Modules] Checking for host updates.
7/26/2025, 8:36:38 PM GMT+5:30 [Modules] Host is up to date.
7/26/2025, 8:36:38 PM GMT+5:30 [Modules] Checking for module updates at https://discord.com/api/modules/stable/versions.json
7/26/2025, 8:36:38 PM GMT+5:30 [Modules] No module updates available.
7/26/2025, 8:45:27 PM GMT+5:30 [Modules] Checking for host updates.
7/26/2025, 8:45:27 PM GMT+5:30 [Modules] Host is up to date.
7/26/2025, 8:45:27 PM GMT+5:30 [Modules] Checking for module updates at https://discord.com/api/modules/stable/versions.json
7/26/2025, 8:45:27 PM GMT+5:30 [Modules] No module updates available.
7/26/2025, 8:46:21 PM GMT+5:30 [Modules] Checking for host updates.
7/26/2025, 8:46:21 PM GMT+5:30 [Modules] Host is up to date.
7/26/2025, 8:46:21 PM GMT+5:30 [Modules] Checking for module updates at https://discord.com/api/modules/stable/versions.json
7/26/2025, 8:46:21 PM GMT+5:30 [Modules] No module updates available.
7/26/2025, 8:49:41 PM GMT+5:30 [Modules] Checking for host updates.
7/26/2025, 8:49:41 PM GMT+5:30 [Modules] Host is up to date.
7/26/2025, 8:49:41 PM GMT+5:30 [Modules] Checking for module updates at https://discord.com/api/modules/stable/versions.json
7/26/2025, 8:49:41 PM GMT+5:30 [Modules] No module updates available.
7/26/2025, 8:53:16 PM GMT+5:30 [Modules] Checking for host updates.
7/26/2025, 8:53:16 PM GMT+5:30 [Modules] Host is up to date.
7/26/2025, 8:53:16 PM GMT+5:30 [Modules] Checking for module updates at https://discord.com/api/modules/stable/versions.json
7/26/2025, 8:53:16 PM GMT+5:30 [Modules] No module updates available.
